virtual_test_id,test_case,test_class,test_method,variable,line,virtual_status,slice_size,slice_path,extra_slice_paths
testCounts_f_L119_P_1,org.apache.commons.math.stat.FrequencyTest::testCounts,org.apache.commons.math.stat.FrequencyTest,testCounts,f,119,Virtual_Pass,5,/opt/resq/resQ_outputs/work/Math_90b/step2_slicing/_slicer4j_passed/testCounts_f_L119_P_1/slice.log,
testCounts_f_L120_P_2,org.apache.commons.math.stat.FrequencyTest::testCounts,org.apache.commons.math.stat.FrequencyTest,testCounts,f,120,Virtual_Pass,6,/opt/resq/resQ_outputs/work/Math_90b/step2_slicing/_slicer4j_passed/testCounts_f_L120_P_2/slice.log,
testCounts_f_L121_P_3,org.apache.commons.math.stat.FrequencyTest::testCounts,org.apache.commons.math.stat.FrequencyTest,testCounts,f,121,Virtual_Pass,7,/opt/resq/resQ_outputs/work/Math_90b/step2_slicing/_slicer4j_passed/testCounts_f_L121_P_3/slice.log,
testCounts_f_L122_P_4,org.apache.commons.math.stat.FrequencyTest::testCounts,org.apache.commons.math.stat.FrequencyTest,testCounts,f,122,Virtual_Pass,7,/opt/resq/resQ_outputs/work/Math_90b/step2_slicing/_slicer4j_passed/testCounts_f_L122_P_4/slice.log,
testCounts_f_L127_P_5,org.apache.commons.math.stat.FrequencyTest::testCounts,org.apache.commons.math.stat.FrequencyTest,testCounts,f,127,Virtual_Pass,14,/opt/resq/resQ_outputs/work/Math_90b/step2_slicing/_slicer4j_passed/testCounts_f_L127_P_5/slice.log,
testCounts_f_L128_P_6,org.apache.commons.math.stat.FrequencyTest::testCounts,org.apache.commons.math.stat.FrequencyTest,testCounts,f,128,Virtual_Pass,27,/opt/resq/resQ_outputs/work/Math_90b/step2_slicing/_slicer4j_passed/testCounts_f_L128_P_6/slice.log,
testCounts_f_L129_P_7,org.apache.commons.math.stat.FrequencyTest::testCounts,org.apache.commons.math.stat.FrequencyTest,testCounts,f,129,Virtual_Pass,23,/opt/resq/resQ_outputs/work/Math_90b/step2_slicing/_slicer4j_passed/testCounts_f_L129_P_7/slice.log,
testCounts_f_L130_P_8,org.apache.commons.math.stat.FrequencyTest::testCounts,org.apache.commons.math.stat.FrequencyTest,testCounts,f,130,Virtual_Pass,36,/opt/resq/resQ_outputs/work/Math_90b/step2_slicing/_slicer4j_passed/testCounts_f_L130_P_8/slice.log,
testCounts_f_L131_P_9,org.apache.commons.math.stat.FrequencyTest::testCounts,org.apache.commons.math.stat.FrequencyTest,testCounts,f,131,Virtual_Pass,17,/opt/resq/resQ_outputs/work/Math_90b/step2_slicing/_slicer4j_passed/testCounts_f_L131_P_9/slice.log,
