rank,statement_id,file,line,code,ochiai_score,tie_size,r_worst
1,S582,LevenbergMarquardtOptimizer.java,381,tmp = 0.1;,0.353553,3,3
1,S693,LevenbergMarquardtOptimizer.java,607,} else if (fp < 0) {,0.353553,3,3
1,S694,LevenbergMarquardtOptimizer.java,608,"paru = Math.min(paru, lmPar);",0.353553,3,3
4,S631,LevenbergMarquardtOptimizer.java,510,for (int j = 0; j < solvedCols; ++j) {,0.333333,29,32
4,S632,LevenbergMarquardtOptimizer.java,511,int pj = permutation[j];,0.333333,29,32
4,S633,LevenbergMarquardtOptimizer.java,512,work1[pj] *= diag[pj] / dxNorm;,0.333333,29,32
4,S634,LevenbergMarquardtOptimizer.java,514,sum2 = 0;,0.333333,29,32
4,S635,LevenbergMarquardtOptimizer.java,515,for (int j = 0; j < solvedCols; ++j) {,0.333333,29,32
4,S636,LevenbergMarquardtOptimizer.java,516,int pj = permutation[j];,0.333333,29,32
4,S637,LevenbergMarquardtOptimizer.java,517,double sum = 0;,0.333333,29,32
4,S638,LevenbergMarquardtOptimizer.java,518,for (int i = 0; i < j; ++i) {,0.333333,29,32
4,S639,LevenbergMarquardtOptimizer.java,519,sum += jacobian[i][pj] * work1[permutation[i]];,0.333333,29,32
4,S640,LevenbergMarquardtOptimizer.java,521,double s = (work1[pj] - sum) / diagR[pj];,0.333333,29,32
4,S641,LevenbergMarquardtOptimizer.java,522,work1[pj] = s;,0.333333,29,32
4,S642,LevenbergMarquardtOptimizer.java,523,sum2 += s * s;,0.333333,29,32
4,S643,LevenbergMarquardtOptimizer.java,525,parl = fp / (delta * sum2);,0.333333,29,32
4,S677,LevenbergMarquardtOptimizer.java,585,for (int j = 0; j < solvedCols; ++j) {,0.333333,29,32
4,S678,LevenbergMarquardtOptimizer.java,586,int pj = permutation[j];,0.333333,29,32
4,S679,LevenbergMarquardtOptimizer.java,587,work1[pj] = work3[pj] * diag[pj] / dxNorm;,0.333333,29,32
4,S680,LevenbergMarquardtOptimizer.java,589,for (int j = 0; j < solvedCols; ++j) {,0.333333,29,32
4,S681,LevenbergMarquardtOptimizer.java,590,int pj = permutation[j];,0.333333,29,32
4,S682,LevenbergMarquardtOptimizer.java,591,work1[pj] /= work2[j];,0.333333,29,32
4,S683,LevenbergMarquardtOptimizer.java,592,double tmp = work1[pj];,0.333333,29,32
4,S684,LevenbergMarquardtOptimizer.java,593,for (int i = j + 1; i < solvedCols; ++i) {,0.333333,29,32
4,S685,LevenbergMarquardtOptimizer.java,594,work1[permutation[i]] -= jacobian[i][pj] * tmp;,0.333333,29,32
4,S686,LevenbergMarquardtOptimizer.java,597,sum2 = 0;,0.333333,29,32
4,S687,LevenbergMarquardtOptimizer.java,598,for (int j = 0; j < solvedCols; ++j) {,0.333333,29,32
4,S688,LevenbergMarquardtOptimizer.java,599,double s = work1[permutation[j]];,0.333333,29,32
4,S689,LevenbergMarquardtOptimizer.java,600,sum2 += s * s;,0.333333,29,32
4,S690,LevenbergMarquardtOptimizer.java,602,double correction = fp / (delta * sum2);,0.333333,29,32
4,S691,LevenbergMarquardtOptimizer.java,605,if (fp > 0) {,0.333333,29,32
4,S695,LevenbergMarquardtOptimizer.java,612,"lmPar = Math.max(parl, lmPar + correction);",0.333333,29,32
33,S595,LevenbergMarquardtOptimizer.java,402,cost = previousCost;,0.316228,89,121
33,S596,LevenbergMarquardtOptimizer.java,403,for (int j = 0; j < solvedCols; ++j) {,0.316228,89,121
33,S597,LevenbergMarquardtOptimizer.java,404,int pj = permutation[j];,0.316228,89,121
33,S598,LevenbergMarquardtOptimizer.java,405,point[pj] = oldX[pj];,0.316228,89,121
33,S599,LevenbergMarquardtOptimizer.java,407,tmpVec    = residuals;,0.316228,89,121
33,S600,LevenbergMarquardtOptimizer.java,408,residuals = oldRes;,0.316228,89,121
33,S601,LevenbergMarquardtOptimizer.java,409,oldRes    = tmpVec;,0.316228,89,121
33,S629,LevenbergMarquardtOptimizer.java,508,double parl = 0;,0.316228,89,121
33,S630,LevenbergMarquardtOptimizer.java,509,if (rank == solvedCols) {,0.316228,89,121
33,S644,LevenbergMarquardtOptimizer.java,529,sum2 = 0;,0.316228,89,121
33,S645,LevenbergMarquardtOptimizer.java,530,for (int j = 0; j < solvedCols; ++j) {,0.316228,89,121
33,S646,LevenbergMarquardtOptimizer.java,531,int pj = permutation[j];,0.316228,89,121
33,S647,LevenbergMarquardtOptimizer.java,532,double sum = 0;,0.316228,89,121
33,S648,LevenbergMarquardtOptimizer.java,533,for (int i = 0; i <= j; ++i) {,0.316228,89,121
33,S649,LevenbergMarquardtOptimizer.java,534,sum += jacobian[i][pj] * qy[i];,0.316228,89,121
33,S650,LevenbergMarquardtOptimizer.java,536,sum /= diag[pj];,0.316228,89,121
33,S651,LevenbergMarquardtOptimizer.java,537,sum2 += sum * sum;,0.316228,89,121
33,S652,LevenbergMarquardtOptimizer.java,539,double gNorm = Math.sqrt(sum2);,0.316228,89,121
33,S653,LevenbergMarquardtOptimizer.java,540,double paru = gNorm / delta;,0.316228,89,121
33,S654,LevenbergMarquardtOptimizer.java,541,if (paru == 0) {,0.316228,89,121
33,S655,LevenbergMarquardtOptimizer.java,548,"lmPar = Math.min(paru, Math.max(lmPar, parl));",0.316228,89,121
33,S656,LevenbergMarquardtOptimizer.java,549,if (lmPar == 0) {,0.316228,89,121
33,S658,LevenbergMarquardtOptimizer.java,553,for (int countdown = 10; countdown >= 0; --countdown) {,0.316228,89,121
33,S659,LevenbergMarquardtOptimizer.java,556,if (lmPar == 0) {,0.316228,89,121
33,S661,LevenbergMarquardtOptimizer.java,559,double sPar = Math.sqrt(lmPar);,0.316228,89,121
33,S662,LevenbergMarquardtOptimizer.java,560,for (int j = 0; j < solvedCols; ++j) {,0.316228,89,121
33,S663,LevenbergMarquardtOptimizer.java,561,int pj = permutation[j];,0.316228,89,121
33,S664,LevenbergMarquardtOptimizer.java,562,work1[pj] = sPar * diag[pj];,0.316228,89,121
33,S665,LevenbergMarquardtOptimizer.java,564,"determineLMDirection(qy, work1, work2, work3);",0.316228,89,121
33,S666,LevenbergMarquardtOptimizer.java,566,dxNorm = 0;,0.316228,89,121
33,S667,LevenbergMarquardtOptimizer.java,567,for (int j = 0; j < solvedCols; ++j) {,0.316228,89,121
33,S668,LevenbergMarquardtOptimizer.java,568,int pj = permutation[j];,0.316228,89,121
33,S669,LevenbergMarquardtOptimizer.java,569,double s = diag[pj] * lmDir[pj];,0.316228,89,121
33,S670,LevenbergMarquardtOptimizer.java,570,work3[pj] = s;,0.316228,89,121
33,S671,LevenbergMarquardtOptimizer.java,571,dxNorm += s * s;,0.316228,89,121
33,S672,LevenbergMarquardtOptimizer.java,573,dxNorm = Math.sqrt(dxNorm);,0.316228,89,121
33,S673,LevenbergMarquardtOptimizer.java,574,double previousFP = fp;,0.316228,89,121
33,S674,LevenbergMarquardtOptimizer.java,575,fp = dxNorm - delta;,0.316228,89,121
33,S675,LevenbergMarquardtOptimizer.java,579,if ((Math.abs(fp) <= 0.1 * delta) ||,0.316228,89,121
33,S676,LevenbergMarquardtOptimizer.java,581,return;,0.316228,89,121
33,S696,LevenbergMarquardtOptimizer.java,642,for (int j = 0; j < solvedCols; ++j) {,0.316228,89,121
33,S697,LevenbergMarquardtOptimizer.java,643,int pj = permutation[j];,0.316228,89,121
33,S698,LevenbergMarquardtOptimizer.java,644,for (int i = j + 1; i < solvedCols; ++i) {,0.316228,89,121
33,S699,LevenbergMarquardtOptimizer.java,645,jacobian[i][pj] = jacobian[j][permutation[i]];,0.316228,89,121
33,S700,LevenbergMarquardtOptimizer.java,647,lmDir[j] = diagR[pj];,0.316228,89,121
33,S701,LevenbergMarquardtOptimizer.java,648,work[j]  = qy[j];,0.316228,89,121
33,S702,LevenbergMarquardtOptimizer.java,652,for (int j = 0; j < solvedCols; ++j) {,0.316228,89,121
33,S703,LevenbergMarquardtOptimizer.java,656,int pj = permutation[j];,0.316228,89,121
33,S704,LevenbergMarquardtOptimizer.java,657,double dpj = diag[pj];,0.316228,89,121
33,S705,LevenbergMarquardtOptimizer.java,658,if (dpj != 0) {,0.316228,89,121
33,S706,LevenbergMarquardtOptimizer.java,659,"Arrays.fill(lmDiag, j + 1, lmDiag.length, 0);",0.316228,89,121
33,S707,LevenbergMarquardtOptimizer.java,661,lmDiag[j] = dpj;,0.316228,89,121
33,S708,LevenbergMarquardtOptimizer.java,666,double qtbpj = 0;,0.316228,89,121
33,S709,LevenbergMarquardtOptimizer.java,667,for (int k = j; k < solvedCols; ++k) {,0.316228,89,121
33,S710,LevenbergMarquardtOptimizer.java,668,int pk = permutation[k];,0.316228,89,121
33,S711,LevenbergMarquardtOptimizer.java,672,if (lmDiag[k] != 0) {,0.316228,89,121
33,S712,LevenbergMarquardtOptimizer.java,676,double rkk = jacobian[k][pk];,0.316228,89,121
33,S713,LevenbergMarquardtOptimizer.java,677,if (Math.abs(rkk) < Math.abs(lmDiag[k])) {,0.316228,89,121
33,S714,LevenbergMarquardtOptimizer.java,678,final double cotan = rkk / lmDiag[k];,0.316228,89,121
33,S715,LevenbergMarquardtOptimizer.java,679,sin   = 1.0 / Math.sqrt(1.0 + cotan * cotan);,0.316228,89,121
33,S716,LevenbergMarquardtOptimizer.java,680,cos   = sin * cotan;,0.316228,89,121
33,S717,LevenbergMarquardtOptimizer.java,681,} else {,0.316228,89,121
33,S718,LevenbergMarquardtOptimizer.java,682,final double tan = lmDiag[k] / rkk;,0.316228,89,121
33,S719,LevenbergMarquardtOptimizer.java,683,cos = 1.0 / Math.sqrt(1.0 + tan * tan);,0.316228,89,121
33,S720,LevenbergMarquardtOptimizer.java,684,sin = cos * tan;,0.316228,89,121
33,S721,LevenbergMarquardtOptimizer.java,689,jacobian[k][pk] = cos * rkk + sin * lmDiag[k];,0.316228,89,121
33,S722,LevenbergMarquardtOptimizer.java,690,final double temp = cos * work[k] + sin * qtbpj;,0.316228,89,121
33,S723,LevenbergMarquardtOptimizer.java,691,qtbpj = -sin * work[k] + cos * qtbpj;,0.316228,89,121
33,S724,LevenbergMarquardtOptimizer.java,692,work[k] = temp;,0.316228,89,121
33,S725,LevenbergMarquardtOptimizer.java,695,for (int i = k + 1; i < solvedCols; ++i) {,0.316228,89,121
33,S726,LevenbergMarquardtOptimizer.java,696,double rik = jacobian[i][pk];,0.316228,89,121
33,S727,LevenbergMarquardtOptimizer.java,697,final double temp2 = cos * rik + sin * lmDiag[i];,0.316228,89,121
33,S728,LevenbergMarquardtOptimizer.java,698,lmDiag[i] = -sin * rik + cos * lmDiag[i];,0.316228,89,121
33,S729,LevenbergMarquardtOptimizer.java,699,jacobian[i][pk] = temp2;,0.316228,89,121
33,S730,LevenbergMarquardtOptimizer.java,707,lmDiag[j] = jacobian[j][permutation[j]];,0.316228,89,121
33,S731,LevenbergMarquardtOptimizer.java,708,jacobian[j][permutation[j]] = lmDir[j];,0.316228,89,121
33,S732,LevenbergMarquardtOptimizer.java,714,int nSing = solvedCols;,0.316228,89,121
33,S733,LevenbergMarquardtOptimizer.java,715,for (int j = 0; j < solvedCols; ++j) {,0.316228,89,121
33,S734,LevenbergMarquardtOptimizer.java,716,if ((lmDiag[j] == 0) && (nSing == solvedCols)) {,0.316228,89,121
33,S735,LevenbergMarquardtOptimizer.java,719,if (nSing < solvedCols) {,0.316228,89,121
33,S736,LevenbergMarquardtOptimizer.java,723,if (nSing > 0) {,0.316228,89,121
33,S737,LevenbergMarquardtOptimizer.java,724,for (int j = nSing - 1; j >= 0; --j) {,0.316228,89,121
33,S738,LevenbergMarquardtOptimizer.java,725,int pj = permutation[j];,0.316228,89,121
33,S739,LevenbergMarquardtOptimizer.java,726,double sum = 0;,0.316228,89,121
33,S740,LevenbergMarquardtOptimizer.java,727,for (int i = j + 1; i < nSing; ++i) {,0.316228,89,121
33,S741,LevenbergMarquardtOptimizer.java,728,sum += jacobian[i][pj] * work[i];,0.316228,89,121
33,S742,LevenbergMarquardtOptimizer.java,730,work[j] = (work[j] - sum) / lmDiag[j];,0.316228,89,121
33,S743,LevenbergMarquardtOptimizer.java,735,for (int j = 0; j < lmDir.length; ++j) {,0.316228,89,121
33,S744,LevenbergMarquardtOptimizer.java,736,lmDir[permutation[j]] = work[j];,0.316228,89,121
122,S580,LevenbergMarquardtOptimizer.java,378,double tmp =,0.308607,5,126
122,S581,LevenbergMarquardtOptimizer.java,380,if ((0.1 * cost >= previousCost) || (tmp < 0.1)) {,0.308607,5,126
122,S583,LevenbergMarquardtOptimizer.java,383,"delta = tmp * Math.min(delta, 10.0 * lmNorm);",0.308607,5,126
122,S584,LevenbergMarquardtOptimizer.java,384,lmPar /= tmp;,0.308607,5,126
122,S585,LevenbergMarquardtOptimizer.java,385,} else if ((lmPar == 0) || (ratio >= 0.75)) {,0.308607,5,126
127,S603,LevenbergMarquardtOptimizer.java,419,"return new VectorialPointValuePair(point, objective);",0.254,1,127
128,S33,AbstractLeastSquaresOptimizer.java,239,double criterion = 0;,0.25,6,133
128,S34,AbstractLeastSquaresOptimizer.java,240,for (int i = 0; i < rows; ++i) {,0.25,6,133
128,S35,AbstractLeastSquaresOptimizer.java,241,final double residual = residuals[i];,0.25,6,133
128,S36,AbstractLeastSquaresOptimizer.java,242,criterion += residualsWeights[i] * residual * residual;,0.25,6,133
128,S37,AbstractLeastSquaresOptimizer.java,244,return Math.sqrt(criterion / rows);,0.25,6,133
128,S872,VectorialPointValuePair.java,77,return point;,0.25,6,133
134,S784,LevenbergMarquardtOptimizer.java,830,rank = solvedCols;,0.229416,1,134
135,S616,LevenbergMarquardtOptimizer.java,483,lmDir[permutation[i]] -= ypk * jacobian[i][pk];,0.226455,1,135
136,S627,LevenbergMarquardtOptimizer.java,500,lmPar = 0;,0.220863,8,143
136,S628,LevenbergMarquardtOptimizer.java,501,return;,0.220863,8,143
136,S778,LevenbergMarquardtOptimizer.java,818,double gamma = 0;,0.220863,8,143
136,S779,LevenbergMarquardtOptimizer.java,819,for (int j = k; j < jacobian.length; ++j) {,0.220863,8,143
136,S780,LevenbergMarquardtOptimizer.java,820,gamma += jacobian[j][pk] * jacobian[j][permutation[k + dk]];,0.220863,8,143
136,S781,LevenbergMarquardtOptimizer.java,822,gamma *= betak;,0.220863,8,143
136,S782,LevenbergMarquardtOptimizer.java,823,for (int j = k; j < jacobian.length; ++j) {,0.220863,8,143
136,S783,LevenbergMarquardtOptimizer.java,824,jacobian[j][permutation[k + dk]] -= gamma * jacobian[j][pk];,0.220863,8,143
144,S511,LevenbergMarquardtOptimizer.java,256,qTy(residuals);,0.218218,105,248
144,S512,LevenbergMarquardtOptimizer.java,260,for (int k = 0; k < solvedCols; ++k) {,0.218218,105,248
144,S513,LevenbergMarquardtOptimizer.java,261,int pk = permutation[k];,0.218218,105,248
144,S514,LevenbergMarquardtOptimizer.java,262,jacobian[k][pk] = diagR[pk];,0.218218,105,248
144,S515,LevenbergMarquardtOptimizer.java,265,if (firstIteration) {,0.218218,105,248
144,S516,LevenbergMarquardtOptimizer.java,269,xNorm = 0;,0.218218,105,248
144,S517,LevenbergMarquardtOptimizer.java,270,for (int k = 0; k < cols; ++k) {,0.218218,105,248
144,S518,LevenbergMarquardtOptimizer.java,271,double dk = jacNorm[k];,0.218218,105,248
144,S519,LevenbergMarquardtOptimizer.java,272,if (dk == 0) {,0.218218,105,248
144,S521,LevenbergMarquardtOptimizer.java,275,double xk = dk * point[k];,0.218218,105,248
144,S522,LevenbergMarquardtOptimizer.java,276,xNorm  += xk * xk;,0.218218,105,248
144,S523,LevenbergMarquardtOptimizer.java,277,diag[k] = dk;,0.218218,105,248
144,S524,LevenbergMarquardtOptimizer.java,279,xNorm = Math.sqrt(xNorm);,0.218218,105,248
144,S525,LevenbergMarquardtOptimizer.java,282,delta = (xNorm == 0) ? initialStepBoundFactor : (initialStepBoundFactor * xNorm);,0.218218,105,248
144,S526,LevenbergMarquardtOptimizer.java,287,double maxCosine = 0;,0.218218,105,248
144,S527,LevenbergMarquardtOptimizer.java,288,if (cost != 0) {,0.218218,105,248
144,S528,LevenbergMarquardtOptimizer.java,289,for (int j = 0; j < solvedCols; ++j) {,0.218218,105,248
144,S529,LevenbergMarquardtOptimizer.java,290,int    pj = permutation[j];,0.218218,105,248
144,S530,LevenbergMarquardtOptimizer.java,291,double s  = jacNorm[pj];,0.218218,105,248
144,S531,LevenbergMarquardtOptimizer.java,292,if (s != 0) {,0.218218,105,248
144,S532,LevenbergMarquardtOptimizer.java,293,double sum = 0;,0.218218,105,248
144,S533,LevenbergMarquardtOptimizer.java,294,for (int i = 0; i <= j; ++i) {,0.218218,105,248
144,S534,LevenbergMarquardtOptimizer.java,295,sum += jacobian[i][pj] * residuals[i];,0.218218,105,248
144,S535,LevenbergMarquardtOptimizer.java,297,"maxCosine = Math.max(maxCosine, Math.abs(sum) / (s * cost));",0.218218,105,248
144,S536,LevenbergMarquardtOptimizer.java,301,if (maxCosine <= orthoTolerance) {,0.218218,105,248
144,S538,LevenbergMarquardtOptimizer.java,307,for (int j = 0; j < cols; ++j) {,0.218218,105,248
144,S539,LevenbergMarquardtOptimizer.java,308,"diag[j] = Math.max(diag[j], jacNorm[j]);",0.218218,105,248
144,S540,LevenbergMarquardtOptimizer.java,312,for (double ratio = 0; ratio < 1.0e-4;) {,0.218218,105,248
144,S541,LevenbergMarquardtOptimizer.java,315,for (int j = 0; j < solvedCols; ++j) {,0.218218,105,248
144,S542,LevenbergMarquardtOptimizer.java,316,int pj = permutation[j];,0.218218,105,248
144,S543,LevenbergMarquardtOptimizer.java,317,oldX[pj] = point[pj];,0.218218,105,248
144,S544,LevenbergMarquardtOptimizer.java,319,double previousCost = cost;,0.218218,105,248
144,S545,LevenbergMarquardtOptimizer.java,320,double[] tmpVec = residuals;,0.218218,105,248
144,S546,LevenbergMarquardtOptimizer.java,321,residuals = oldRes;,0.218218,105,248
144,S547,LevenbergMarquardtOptimizer.java,322,oldRes    = tmpVec;,0.218218,105,248
144,S548,LevenbergMarquardtOptimizer.java,325,"determineLMParameter(oldRes, delta, diag, work1, work2, work3);",0.218218,105,248
144,S549,LevenbergMarquardtOptimizer.java,328,double lmNorm = 0;,0.218218,105,248
144,S550,LevenbergMarquardtOptimizer.java,329,for (int j = 0; j < solvedCols; ++j) {,0.218218,105,248
144,S551,LevenbergMarquardtOptimizer.java,330,int pj = permutation[j];,0.218218,105,248
144,S552,LevenbergMarquardtOptimizer.java,331,lmDir[pj] = -lmDir[pj];,0.218218,105,248
144,S553,LevenbergMarquardtOptimizer.java,332,point[pj] = oldX[pj] + lmDir[pj];,0.218218,105,248
144,S554,LevenbergMarquardtOptimizer.java,333,double s = diag[pj] * lmDir[pj];,0.218218,105,248
144,S555,LevenbergMarquardtOptimizer.java,334,lmNorm  += s * s;,0.218218,105,248
144,S556,LevenbergMarquardtOptimizer.java,336,lmNorm = Math.sqrt(lmNorm);,0.218218,105,248
144,S557,LevenbergMarquardtOptimizer.java,339,if (firstIteration) {,0.218218,105,248
144,S558,LevenbergMarquardtOptimizer.java,340,"delta = Math.min(delta, lmNorm);",0.218218,105,248
144,S559,LevenbergMarquardtOptimizer.java,344,updateResidualsAndCost();,0.218218,105,248
144,S560,LevenbergMarquardtOptimizer.java,347,double actRed = -1.0;,0.218218,105,248
144,S561,LevenbergMarquardtOptimizer.java,348,if (0.1 * cost < previousCost) {,0.218218,105,248
144,S562,LevenbergMarquardtOptimizer.java,349,double r = cost / previousCost;,0.218218,105,248
144,S563,LevenbergMarquardtOptimizer.java,350,actRed = 1.0 - r * r;,0.218218,105,248
144,S564,LevenbergMarquardtOptimizer.java,355,for (int j = 0; j < solvedCols; ++j) {,0.218218,105,248
144,S565,LevenbergMarquardtOptimizer.java,356,int pj = permutation[j];,0.218218,105,248
144,S566,LevenbergMarquardtOptimizer.java,357,double dirJ = lmDir[pj];,0.218218,105,248
144,S567,LevenbergMarquardtOptimizer.java,358,work1[j] = 0;,0.218218,105,248
144,S568,LevenbergMarquardtOptimizer.java,359,for (int i = 0; i <= j; ++i) {,0.218218,105,248
144,S569,LevenbergMarquardtOptimizer.java,360,work1[i] += jacobian[i][pj] * dirJ;,0.218218,105,248
144,S570,LevenbergMarquardtOptimizer.java,363,double coeff1 = 0;,0.218218,105,248
144,S571,LevenbergMarquardtOptimizer.java,364,for (int j = 0; j < solvedCols; ++j) {,0.218218,105,248
144,S572,LevenbergMarquardtOptimizer.java,365,coeff1 += work1[j] * work1[j];,0.218218,105,248
144,S573,LevenbergMarquardtOptimizer.java,367,double pc2 = previousCost * previousCost;,0.218218,105,248
144,S574,LevenbergMarquardtOptimizer.java,368,coeff1 = coeff1 / pc2;,0.218218,105,248
144,S575,LevenbergMarquardtOptimizer.java,369,double coeff2 = lmPar * lmNorm * lmNorm / pc2;,0.218218,105,248
144,S576,LevenbergMarquardtOptimizer.java,370,double preRed = coeff1 + 2 * coeff2;,0.218218,105,248
144,S577,LevenbergMarquardtOptimizer.java,371,double dirDer = -(coeff1 + coeff2);,0.218218,105,248
144,S578,LevenbergMarquardtOptimizer.java,374,ratio = (preRed == 0) ? 0 : (actRed / preRed);,0.218218,105,248
144,S579,LevenbergMarquardtOptimizer.java,377,if (ratio <= 0.25) {,0.218218,105,248
144,S586,LevenbergMarquardtOptimizer.java,386,delta = 2 * lmNorm;,0.218218,105,248
144,S587,LevenbergMarquardtOptimizer.java,387,lmPar *= 0.5;,0.218218,105,248
144,S588,LevenbergMarquardtOptimizer.java,391,if (ratio >= 1.0e-4) {,0.218218,105,248
144,S589,LevenbergMarquardtOptimizer.java,393,firstIteration = false;,0.218218,105,248
144,S590,LevenbergMarquardtOptimizer.java,394,xNorm = 0;,0.218218,105,248
144,S591,LevenbergMarquardtOptimizer.java,395,for (int k = 0; k < cols; ++k) {,0.218218,105,248
144,S592,LevenbergMarquardtOptimizer.java,396,double xK = diag[k] * point[k];,0.218218,105,248
144,S593,LevenbergMarquardtOptimizer.java,397,xNorm    += xK * xK;,0.218218,105,248
144,S594,LevenbergMarquardtOptimizer.java,399,xNorm = Math.sqrt(xNorm);,0.218218,105,248
144,S602,LevenbergMarquardtOptimizer.java,415,if (((Math.abs(actRed) <= costRelativeTolerance) &&,0.218218,105,248
144,S604,LevenbergMarquardtOptimizer.java,424,if ((Math.abs(actRed) <= 2.2204e-16) && (preRed <= 2.2204e-16) && (ratio <= 2.0)) {,0.218218,105,248
144,S605,LevenbergMarquardtOptimizer.java,429,} else if (delta <= 2.2204e-16 * xNorm) {,0.218218,105,248
144,S607,LevenbergMarquardtOptimizer.java,434,} else if (maxCosine <= 2.2204e-16)  {,0.218218,105,248
144,S608,LevenbergMarquardtOptimizer.java,473,for (int j = 0; j < rank; ++j) {,0.218218,105,248
144,S609,LevenbergMarquardtOptimizer.java,474,lmDir[permutation[j]] = qy[j];,0.218218,105,248
144,S610,LevenbergMarquardtOptimizer.java,476,for (int j = rank; j < cols; ++j) {,0.218218,105,248
144,S612,LevenbergMarquardtOptimizer.java,479,for (int k = rank - 1; k >= 0; --k) {,0.218218,105,248
144,S613,LevenbergMarquardtOptimizer.java,480,int pk = permutation[k];,0.218218,105,248
144,S614,LevenbergMarquardtOptimizer.java,481,double ypk = lmDir[pk] / diagR[pk];,0.218218,105,248
144,S615,LevenbergMarquardtOptimizer.java,482,for (int i = 0; i < k; ++i) {,0.218218,105,248
144,S617,LevenbergMarquardtOptimizer.java,485,lmDir[pk] = ypk;,0.218218,105,248
144,S618,LevenbergMarquardtOptimizer.java,490,double dxNorm = 0;,0.218218,105,248
144,S619,LevenbergMarquardtOptimizer.java,491,for (int j = 0; j < solvedCols; ++j) {,0.218218,105,248
144,S620,LevenbergMarquardtOptimizer.java,492,int pj = permutation[j];,0.218218,105,248
144,S621,LevenbergMarquardtOptimizer.java,493,double s = diag[pj] * lmDir[pj];,0.218218,105,248
144,S622,LevenbergMarquardtOptimizer.java,494,work1[pj] = s;,0.218218,105,248
144,S623,LevenbergMarquardtOptimizer.java,495,dxNorm += s * s;,0.218218,105,248
144,S624,LevenbergMarquardtOptimizer.java,497,dxNorm = Math.sqrt(dxNorm);,0.218218,105,248
144,S625,LevenbergMarquardtOptimizer.java,498,double fp = dxNorm - delta;,0.218218,105,248
144,S626,LevenbergMarquardtOptimizer.java,499,if (fp <= 0.1 * delta) {,0.218218,105,248
144,S785,LevenbergMarquardtOptimizer.java,840,for (int k = 0; k < cols; ++k) {,0.218218,105,248
144,S786,LevenbergMarquardtOptimizer.java,841,int pk = permutation[k];,0.218218,105,248
144,S787,LevenbergMarquardtOptimizer.java,842,double gamma = 0;,0.218218,105,248
144,S788,LevenbergMarquardtOptimizer.java,843,for (int i = k; i < rows; ++i) {,0.218218,105,248
144,S789,LevenbergMarquardtOptimizer.java,844,gamma += jacobian[i][pk] * y[i];,0.218218,105,248
144,S790,LevenbergMarquardtOptimizer.java,846,gamma *= beta[pk];,0.218218,105,248
144,S791,LevenbergMarquardtOptimizer.java,847,for (int i = k; i < rows; ++i) {,0.218218,105,248
144,S792,LevenbergMarquardtOptimizer.java,848,y[i] -= gamma * jacobian[i][pk];,0.218218,105,248
249,S481,LevenbergMarquardtOptimizer.java,160,public LevenbergMarquardtOptimizer() {,0.215666,63,311
249,S482,LevenbergMarquardtOptimizer.java,163,setMaxIterations(1000);,0.215666,63,311
249,S483,LevenbergMarquardtOptimizer.java,166,setInitialStepBoundFactor(100.0);,0.215666,63,311
249,S484,LevenbergMarquardtOptimizer.java,167,setCostRelativeTolerance(1.0e-10);,0.215666,63,311
249,S485,LevenbergMarquardtOptimizer.java,168,setParRelativeTolerance(1.0e-10);,0.215666,63,311
249,S486,LevenbergMarquardtOptimizer.java,169,setOrthoTolerance(1.0e-10);,0.215666,63,311
249,S487,LevenbergMarquardtOptimizer.java,183,this.initialStepBoundFactor = initialStepBoundFactor;,0.215666,63,311
249,S488,LevenbergMarquardtOptimizer.java,193,this.costRelativeTolerance = costRelativeTolerance;,0.215666,63,311
249,S489,LevenbergMarquardtOptimizer.java,204,this.parRelativeTolerance = parRelativeTolerance;,0.215666,63,311
249,S490,LevenbergMarquardtOptimizer.java,215,this.orthoTolerance = orthoTolerance;,0.215666,63,311
249,S491,LevenbergMarquardtOptimizer.java,224,"solvedCols  = Math.min(rows, cols);",0.215666,63,311
249,S492,LevenbergMarquardtOptimizer.java,225,diagR       = new double[cols];,0.215666,63,311
249,S493,LevenbergMarquardtOptimizer.java,226,jacNorm     = new double[cols];,0.215666,63,311
249,S494,LevenbergMarquardtOptimizer.java,227,beta        = new double[cols];,0.215666,63,311
249,S495,LevenbergMarquardtOptimizer.java,228,permutation = new int[cols];,0.215666,63,311
249,S496,LevenbergMarquardtOptimizer.java,229,lmDir       = new double[cols];,0.215666,63,311
249,S497,LevenbergMarquardtOptimizer.java,232,double   delta   = 0;,0.215666,63,311
249,S498,LevenbergMarquardtOptimizer.java,233,double   xNorm   = 0;,0.215666,63,311
249,S499,LevenbergMarquardtOptimizer.java,234,double[] diag    = new double[cols];,0.215666,63,311
249,S500,LevenbergMarquardtOptimizer.java,235,double[] oldX    = new double[cols];,0.215666,63,311
249,S501,LevenbergMarquardtOptimizer.java,236,double[] oldRes  = new double[rows];,0.215666,63,311
249,S502,LevenbergMarquardtOptimizer.java,237,double[] work1   = new double[cols];,0.215666,63,311
249,S503,LevenbergMarquardtOptimizer.java,238,double[] work2   = new double[cols];,0.215666,63,311
249,S504,LevenbergMarquardtOptimizer.java,239,double[] work3   = new double[cols];,0.215666,63,311
249,S505,LevenbergMarquardtOptimizer.java,242,updateResidualsAndCost();,0.215666,63,311
249,S506,LevenbergMarquardtOptimizer.java,245,lmPar = 0;,0.215666,63,311
249,S507,LevenbergMarquardtOptimizer.java,246,boolean firstIteration = true;,0.215666,63,311
249,S508,LevenbergMarquardtOptimizer.java,249,incrementIterationsCounter();,0.215666,63,311
249,S509,LevenbergMarquardtOptimizer.java,252,updateJacobian();,0.215666,63,311
249,S510,LevenbergMarquardtOptimizer.java,253,qrDecomposition();,0.215666,63,311
249,S745,LevenbergMarquardtOptimizer.java,766,for (int k = 0; k < cols; ++k) {,0.215666,63,311
249,S746,LevenbergMarquardtOptimizer.java,767,permutation[k] = k;,0.215666,63,311
249,S747,LevenbergMarquardtOptimizer.java,768,double norm2 = 0;,0.215666,63,311
249,S748,LevenbergMarquardtOptimizer.java,769,for (int i = 0; i < jacobian.length; ++i) {,0.215666,63,311
249,S749,LevenbergMarquardtOptimizer.java,770,double akk = jacobian[i][k];,0.215666,63,311
249,S750,LevenbergMarquardtOptimizer.java,771,norm2 += akk * akk;,0.215666,63,311
249,S751,LevenbergMarquardtOptimizer.java,773,jacNorm[k] = Math.sqrt(norm2);,0.215666,63,311
249,S752,LevenbergMarquardtOptimizer.java,777,for (int k = 0; k < cols; ++k) {,0.215666,63,311
249,S753,LevenbergMarquardtOptimizer.java,780,int nextColumn = -1;,0.215666,63,311
249,S754,LevenbergMarquardtOptimizer.java,781,double ak2 = Double.NEGATIVE_INFINITY;,0.215666,63,311
249,S755,LevenbergMarquardtOptimizer.java,782,for (int i = k; i < cols; ++i) {,0.215666,63,311
249,S756,LevenbergMarquardtOptimizer.java,783,double norm2 = 0;,0.215666,63,311
249,S757,LevenbergMarquardtOptimizer.java,784,for (int j = k; j < jacobian.length; ++j) {,0.215666,63,311
249,S758,LevenbergMarquardtOptimizer.java,785,double aki = jacobian[j][permutation[i]];,0.215666,63,311
249,S759,LevenbergMarquardtOptimizer.java,786,norm2 += aki * aki;,0.215666,63,311
249,S760,LevenbergMarquardtOptimizer.java,788,if (Double.isInfinite(norm2) || Double.isNaN(norm2)) {,0.215666,63,311
249,S762,LevenbergMarquardtOptimizer.java,793,if (norm2 > ak2) {,0.215666,63,311
249,S763,LevenbergMarquardtOptimizer.java,794,nextColumn = i;,0.215666,63,311
249,S764,LevenbergMarquardtOptimizer.java,795,ak2        = norm2;,0.215666,63,311
249,S765,LevenbergMarquardtOptimizer.java,798,if (ak2 == 0) {,0.215666,63,311
249,S768,LevenbergMarquardtOptimizer.java,802,int pk                  = permutation[nextColumn];,0.215666,63,311
249,S769,LevenbergMarquardtOptimizer.java,803,permutation[nextColumn] = permutation[k];,0.215666,63,311
249,S770,LevenbergMarquardtOptimizer.java,804,permutation[k]          = pk;,0.215666,63,311
249,S771,LevenbergMarquardtOptimizer.java,807,double akk   = jacobian[k][pk];,0.215666,63,311
249,S772,LevenbergMarquardtOptimizer.java,808,double alpha = (akk > 0) ? -Math.sqrt(ak2) : Math.sqrt(ak2);,0.215666,63,311
249,S773,LevenbergMarquardtOptimizer.java,809,double betak = 1.0 / (ak2 - akk * alpha);,0.215666,63,311
249,S774,LevenbergMarquardtOptimizer.java,810,beta[pk]     = betak;,0.215666,63,311
249,S775,LevenbergMarquardtOptimizer.java,813,diagR[pk]        = alpha;,0.215666,63,311
249,S776,LevenbergMarquardtOptimizer.java,814,jacobian[k][pk] -= alpha;,0.215666,63,311
249,S777,LevenbergMarquardtOptimizer.java,817,for (int dk = cols - 1 - k; dk > 0; --dk) {,0.215666,63,311
249,S868,VectorialPointValuePair.java,46,"public VectorialPointValuePair(final double[] point, final double[] value) {",0.215666,63,311
249,S869,VectorialPointValuePair.java,47,this.point = point.clone();,0.215666,63,311
249,S870,VectorialPointValuePair.java,48,this.value = value.clone();,0.215666,63,311
312,S1,AbstractLeastSquaresOptimizer.java,115,protected AbstractLeastSquaresOptimizer() {,0.213201,45,356
312,S2,AbstractLeastSquaresOptimizer.java,116,setConvergenceChecker(new SimpleVectorialValueChecker());,0.213201,45,356
312,S3,AbstractLeastSquaresOptimizer.java,117,setMaxIterations(DEFAULT_MAX_ITERATIONS);,0.213201,45,356
312,S4,AbstractLeastSquaresOptimizer.java,118,setMaxEvaluations(Integer.MAX_VALUE);,0.213201,45,356
312,S5,AbstractLeastSquaresOptimizer.java,123,this.maxIterations = maxIterations;,0.213201,45,356
312,S7,AbstractLeastSquaresOptimizer.java,138,this.maxEvaluations = maxEvaluations;,0.213201,45,356
312,S10,AbstractLeastSquaresOptimizer.java,158,this.checker = convergenceChecker;,0.213201,45,356
312,S11,AbstractLeastSquaresOptimizer.java,172,if (++iterations > maxIterations) {,0.213201,45,356
312,S13,AbstractLeastSquaresOptimizer.java,183,++jacobianEvaluations;,0.213201,45,356
312,S14,AbstractLeastSquaresOptimizer.java,184,jacobian = jF.value(point);,0.213201,45,356
312,S15,AbstractLeastSquaresOptimizer.java,185,if (jacobian.length != rows) {,0.213201,45,356
312,S16,AbstractLeastSquaresOptimizer.java,189,for (int i = 0; i < rows; i++) {,0.213201,45,356
312,S17,AbstractLeastSquaresOptimizer.java,190,final double[] ji = jacobian[i];,0.213201,45,356
312,S18,AbstractLeastSquaresOptimizer.java,191,final double factor = -Math.sqrt(residualsWeights[i]);,0.213201,45,356
312,S19,AbstractLeastSquaresOptimizer.java,192,for (int j = 0; j < cols; ++j) {,0.213201,45,356
312,S20,AbstractLeastSquaresOptimizer.java,193,ji[j] *= factor;,0.213201,45,356
312,S21,AbstractLeastSquaresOptimizer.java,207,if (++objectiveEvaluations > maxEvaluations) {,0.213201,45,356
312,S22,AbstractLeastSquaresOptimizer.java,211,objective = function.value(point);,0.213201,45,356
312,S23,AbstractLeastSquaresOptimizer.java,212,if (objective.length != rows) {,0.213201,45,356
312,S25,AbstractLeastSquaresOptimizer.java,216,cost = 0;,0.213201,45,356
312,S26,AbstractLeastSquaresOptimizer.java,217,int index = 0;,0.213201,45,356
312,S27,AbstractLeastSquaresOptimizer.java,218,for (int i = 0; i < rows; i++) {,0.213201,45,356
312,S28,AbstractLeastSquaresOptimizer.java,219,final double residual = targetValues[i] - objective[i];,0.213201,45,356
312,S29,AbstractLeastSquaresOptimizer.java,220,residuals[i] = residual;,0.213201,45,356
312,S30,AbstractLeastSquaresOptimizer.java,221,cost += residualsWeights[i] * residual * residual;,0.213201,45,356
312,S31,AbstractLeastSquaresOptimizer.java,222,index += cols;,0.213201,45,356
312,S32,AbstractLeastSquaresOptimizer.java,224,cost = Math.sqrt(cost);,0.213201,45,356
312,S64,AbstractLeastSquaresOptimizer.java,329,if (target.length != weights.length) {,0.213201,45,356
312,S66,AbstractLeastSquaresOptimizer.java,335,iterations           = 0;,0.213201,45,356
312,S67,AbstractLeastSquaresOptimizer.java,336,objectiveEvaluations = 0;,0.213201,45,356
312,S68,AbstractLeastSquaresOptimizer.java,337,jacobianEvaluations  = 0;,0.213201,45,356
312,S69,AbstractLeastSquaresOptimizer.java,340,function         = f;,0.213201,45,356
312,S70,AbstractLeastSquaresOptimizer.java,341,jF               = f.jacobian();,0.213201,45,356
312,S71,AbstractLeastSquaresOptimizer.java,342,targetValues     = target.clone();,0.213201,45,356
312,S72,AbstractLeastSquaresOptimizer.java,343,residualsWeights = weights.clone();,0.213201,45,356
312,S73,AbstractLeastSquaresOptimizer.java,344,this.point       = startPoint.clone();,0.213201,45,356
312,S74,AbstractLeastSquaresOptimizer.java,345,this.residuals   = new double[target.length];,0.213201,45,356
312,S75,AbstractLeastSquaresOptimizer.java,348,rows      = target.length;,0.213201,45,356
312,S76,AbstractLeastSquaresOptimizer.java,349,cols      = point.length;,0.213201,45,356
312,S77,AbstractLeastSquaresOptimizer.java,350,jacobian  = new double[rows][cols];,0.213201,45,356
312,S78,AbstractLeastSquaresOptimizer.java,352,cost = Double.POSITIVE_INFINITY;,0.213201,45,356
312,S79,AbstractLeastSquaresOptimizer.java,354,return doOptimize();,0.213201,45,356
312,S851,SimpleVectorialValueChecker.java,50,public SimpleVectorialValueChecker() {,0.213201,45,356
312,S852,SimpleVectorialValueChecker.java,51,this.relativeThreshold = DEFAULT_RELATIVE_THRESHOLD;,0.213201,45,356
312,S853,SimpleVectorialValueChecker.java,52,this.absoluteThreshold = DEFAULT_ABSOLUTE_THRESHOLD;,0.213201,45,356
357,S692,LevenbergMarquardtOptimizer.java,606,"parl = Math.max(parl, lmPar);",0.182574,1,357
358,S6,AbstractLeastSquaresOptimizer.java,133,return iterations;,0.0,524,881
358,S8,AbstractLeastSquaresOptimizer.java,148,return objectiveEvaluations;,0.0,524,881
358,S9,AbstractLeastSquaresOptimizer.java,153,return jacobianEvaluations;,0.0,524,881
358,S12,AbstractLeastSquaresOptimizer.java,173,throw new OptimizationException(new MaxIterationsExceededException(maxIterations));,0.0,524,881
358,S24,AbstractLeastSquaresOptimizer.java,213,"throw new FunctionEvaluationException(point, ""dimension mismatch {0} != {1}"",",0.0,524,881
358,S38,AbstractLeastSquaresOptimizer.java,252,double chiSquare = 0;,0.0,524,881
358,S39,AbstractLeastSquaresOptimizer.java,253,for (int i = 0; i < rows; ++i) {,0.0,524,881
358,S40,AbstractLeastSquaresOptimizer.java,254,final double residual = residuals[i];,0.0,524,881
358,S41,AbstractLeastSquaresOptimizer.java,255,chiSquare += residual * residual / residualsWeights[i];,0.0,524,881
358,S42,AbstractLeastSquaresOptimizer.java,257,return chiSquare;,0.0,524,881
358,S43,AbstractLeastSquaresOptimizer.java,272,updateJacobian();,0.0,524,881
358,S44,AbstractLeastSquaresOptimizer.java,275,double[][] jTj = new double[cols][cols];,0.0,524,881
358,S45,AbstractLeastSquaresOptimizer.java,276,for (int i = 0; i < cols; ++i) {,0.0,524,881
358,S46,AbstractLeastSquaresOptimizer.java,277,for (int j = i; j < cols; ++j) {,0.0,524,881
358,S47,AbstractLeastSquaresOptimizer.java,278,double sum = 0;,0.0,524,881
358,S48,AbstractLeastSquaresOptimizer.java,279,for (int k = 0; k < rows; ++k) {,0.0,524,881
358,S49,AbstractLeastSquaresOptimizer.java,280,sum += jacobian[k][i] * jacobian[k][j];,0.0,524,881
358,S50,AbstractLeastSquaresOptimizer.java,282,jTj[i][j] = sum;,0.0,524,881
358,S51,AbstractLeastSquaresOptimizer.java,283,jTj[j][i] = sum;,0.0,524,881
358,S52,AbstractLeastSquaresOptimizer.java,289,RealMatrix inverse =,0.0,524,881
358,S53,AbstractLeastSquaresOptimizer.java,291,return inverse.getData();,0.0,524,881
358,S54,AbstractLeastSquaresOptimizer.java,292,} catch (InvalidMatrixException ime) {,0.0,524,881
358,S55,AbstractLeastSquaresOptimizer.java,293,"throw new OptimizationException(""unable to compute covariances: singular problem"");",0.0,524,881
358,S56,AbstractLeastSquaresOptimizer.java,309,if (rows <= cols) {,0.0,524,881
358,S57,AbstractLeastSquaresOptimizer.java,310,throw new OptimizationException(,0.0,524,881
358,S58,AbstractLeastSquaresOptimizer.java,314,double[] errors = new double[cols];,0.0,524,881
358,S59,AbstractLeastSquaresOptimizer.java,315,final double c = Math.sqrt(getChiSquare() / (rows - cols));,0.0,524,881
358,S60,AbstractLeastSquaresOptimizer.java,316,double[][] covar = getCovariances();,0.0,524,881
358,S61,AbstractLeastSquaresOptimizer.java,317,for (int i = 0; i < errors.length; ++i) {,0.0,524,881
358,S62,AbstractLeastSquaresOptimizer.java,318,errors[i] = Math.sqrt(covar[i][i]) * c;,0.0,524,881
358,S63,AbstractLeastSquaresOptimizer.java,320,return errors;,0.0,524,881
358,S65,AbstractLeastSquaresOptimizer.java,330,"throw new OptimizationException(""dimension mismatch {0} != {1}"",",0.0,524,881
358,S80,AbstractRealMatrix.java,43,protected AbstractRealMatrix() {,0.0,524,881
358,S81,AbstractRealMatrix.java,44,lu = null;,0.0,524,881
358,S82,AbstractRealMatrix.java,55,throws IllegalArgumentException {,0.0,524,881
358,S83,AbstractRealMatrix.java,56,if (rowDimension <= 0 ) {,0.0,524,881
358,S84,AbstractRealMatrix.java,61,if (columnDimension <= 0) {,0.0,524,881
358,S85,AbstractRealMatrix.java,66,lu = null;,0.0,524,881
358,S86,AbstractRealMatrix.java,639,return getColumnDimension() == getRowDimension();,0.0,524,881
358,S87,Array2DRowRealMatrix.java,96,"super(rowDimension, columnDimension);",0.0,524,881
358,S88,Array2DRowRealMatrix.java,97,data = new double[rowDimension][columnDimension];,0.0,524,881
358,S89,Array2DRowRealMatrix.java,114,"throws IllegalArgumentException, NullPointerException {",0.0,524,881
358,S90,Array2DRowRealMatrix.java,115,copyIn(d);,0.0,524,881
358,S91,Array2DRowRealMatrix.java,134,"throws IllegalArgumentException, NullPointerException {",0.0,524,881
358,S92,Array2DRowRealMatrix.java,135,if (copyArray) {,0.0,524,881
358,S93,Array2DRowRealMatrix.java,138,if (d == null) {,0.0,524,881
358,S94,Array2DRowRealMatrix.java,141,final int nRows = d.length;,0.0,524,881
358,S95,Array2DRowRealMatrix.java,142,if (nRows == 0) {,0.0,524,881
358,S96,Array2DRowRealMatrix.java,146,final int nCols = d[0].length;,0.0,524,881
358,S97,Array2DRowRealMatrix.java,147,if (nCols == 0) {,0.0,524,881
358,S98,Array2DRowRealMatrix.java,151,for (int r = 1; r < nRows; r++) {,0.0,524,881
358,S99,Array2DRowRealMatrix.java,152,if (d[r].length != nCols) {,0.0,524,881
358,S100,Array2DRowRealMatrix.java,157,data = d;,0.0,524,881
358,S101,Array2DRowRealMatrix.java,317,return copyOut();,0.0,524,881
358,S102,Array2DRowRealMatrix.java,335,if (data == null) {,0.0,524,881
358,S103,Array2DRowRealMatrix.java,336,if (row > 0) {,0.0,524,881
358,S104,Array2DRowRealMatrix.java,340,if (column > 0) {,0.0,524,881
358,S105,Array2DRowRealMatrix.java,344,final int nRows = subMatrix.length;,0.0,524,881
358,S106,Array2DRowRealMatrix.java,345,if (nRows == 0) {,0.0,524,881
358,S107,Array2DRowRealMatrix.java,350,final int nCols = subMatrix[0].length;,0.0,524,881
358,S108,Array2DRowRealMatrix.java,351,if (nCols == 0) {,0.0,524,881
358,S109,Array2DRowRealMatrix.java,355,data = new double[subMatrix.length][nCols];,0.0,524,881
358,S110,Array2DRowRealMatrix.java,356,for (int i = 0; i < data.length; ++i) {,0.0,524,881
358,S111,Array2DRowRealMatrix.java,357,if (subMatrix[i].length != nCols) {,0.0,524,881
358,S112,Array2DRowRealMatrix.java,361,"System.arraycopy(subMatrix[i], 0, data[i + row], column, nCols);",0.0,524,881
358,S113,Array2DRowRealMatrix.java,363,} else {,0.0,524,881
358,S114,Array2DRowRealMatrix.java,374,return data[row][column];,0.0,524,881
358,S115,Array2DRowRealMatrix.java,386,data[row][column] = value;,0.0,524,881
358,S116,Array2DRowRealMatrix.java,420,return (data == null) ? 0 : data.length;,0.0,524,881
358,S117,Array2DRowRealMatrix.java,426,return ((data == null) || (data[0] == null)) ? 0 : data[0].length;,0.0,524,881
358,S118,Array2DRowRealMatrix.java,616,final int nRows = this.getRowDimension();,0.0,524,881
358,S119,Array2DRowRealMatrix.java,617,final double[][] out = new double[nRows][this.getColumnDimension()];,0.0,524,881
358,S120,Array2DRowRealMatrix.java,619,for (int i = 0; i < nRows; i++) {,0.0,524,881
358,S121,Array2DRowRealMatrix.java,620,"System.arraycopy(data[i], 0, out[i], 0, data[i].length);",0.0,524,881
358,S122,Array2DRowRealMatrix.java,622,return out;,0.0,524,881
358,S123,Array2DRowRealMatrix.java,636,"setSubMatrix(in, 0, 0);",0.0,524,881
358,S124,BlockRealMatrix.java,126,"this(rawData.length, rawData[0].length, toBlocksLayout(rawData), false);",0.0,524,881
358,S125,BlockRealMatrix.java,148,"super(rows, columns);",0.0,524,881
358,S126,BlockRealMatrix.java,149,this.rows    = rows;,0.0,524,881
358,S127,BlockRealMatrix.java,150,this.columns = columns;,0.0,524,881
358,S128,BlockRealMatrix.java,153,blockRows    = (rows    + BLOCK_SIZE - 1) / BLOCK_SIZE;,0.0,524,881
358,S129,BlockRealMatrix.java,154,blockColumns = (columns + BLOCK_SIZE - 1) / BLOCK_SIZE;,0.0,524,881
358,S130,BlockRealMatrix.java,156,if (copyArray) {,0.0,524,881
358,S131,BlockRealMatrix.java,161,blocks = blockData;,0.0,524,881
358,S132,BlockRealMatrix.java,164,int index = 0;,0.0,524,881
358,S133,BlockRealMatrix.java,165,for (int iBlock = 0; iBlock < blockRows; ++iBlock) {,0.0,524,881
358,S134,BlockRealMatrix.java,166,final int iHeight = blockHeight(iBlock);,0.0,524,881
358,S135,BlockRealMatrix.java,167,"for (int jBlock = 0; jBlock < blockColumns; ++jBlock, ++index) {",0.0,524,881
358,S136,BlockRealMatrix.java,168,if (blockData[index].length != iHeight * blockWidth(jBlock)) {,0.0,524,881
358,S137,BlockRealMatrix.java,173,if (copyArray) {,0.0,524,881
358,S138,BlockRealMatrix.java,206,final int rows         = rawData.length;,0.0,524,881
358,S139,BlockRealMatrix.java,207,final int columns      = rawData[0].length;,0.0,524,881
358,S140,BlockRealMatrix.java,208,final int blockRows    = (rows    + BLOCK_SIZE - 1) / BLOCK_SIZE;,0.0,524,881
358,S141,BlockRealMatrix.java,209,final int blockColumns = (columns + BLOCK_SIZE - 1) / BLOCK_SIZE;,0.0,524,881
358,S142,BlockRealMatrix.java,212,for (int i = 0; i < rawData.length; ++i) {,0.0,524,881
358,S143,BlockRealMatrix.java,213,final int length = rawData[i].length;,0.0,524,881
358,S144,BlockRealMatrix.java,214,if (length != columns) {,0.0,524,881
358,S145,BlockRealMatrix.java,222,final double[][] blocks = new double[blockRows * blockColumns][];,0.0,524,881
358,S146,BlockRealMatrix.java,223,int blockIndex = 0;,0.0,524,881
358,S147,BlockRealMatrix.java,224,for (int iBlock = 0; iBlock < blockRows; ++iBlock) {,0.0,524,881
358,S148,BlockRealMatrix.java,225,final int pStart  = iBlock * BLOCK_SIZE;,0.0,524,881
358,S149,BlockRealMatrix.java,226,"final int pEnd    = Math.min(pStart + BLOCK_SIZE, rows);",0.0,524,881
358,S150,BlockRealMatrix.java,227,final int iHeight = pEnd - pStart;,0.0,524,881
358,S151,BlockRealMatrix.java,228,for (int jBlock = 0; jBlock < blockColumns; ++jBlock) {,0.0,524,881
358,S152,BlockRealMatrix.java,229,final int qStart = jBlock * BLOCK_SIZE;,0.0,524,881
358,S153,BlockRealMatrix.java,230,"final int qEnd   = Math.min(qStart + BLOCK_SIZE, columns);",0.0,524,881
358,S154,BlockRealMatrix.java,231,final int jWidth = qEnd - qStart;,0.0,524,881
358,S155,BlockRealMatrix.java,234,final double[] block = new double[iHeight * jWidth];,0.0,524,881
358,S156,BlockRealMatrix.java,235,blocks[blockIndex] = block;,0.0,524,881
358,S157,BlockRealMatrix.java,238,int index = 0;,0.0,524,881
358,S158,BlockRealMatrix.java,239,for (int p = pStart; p < pEnd; ++p) {,0.0,524,881
358,S159,BlockRealMatrix.java,240,"System.arraycopy(rawData[p], qStart, block, index, jWidth);",0.0,524,881
358,S160,BlockRealMatrix.java,241,index += jWidth;,0.0,524,881
358,S161,BlockRealMatrix.java,244,++blockIndex;,0.0,524,881
358,S162,BlockRealMatrix.java,249,return blocks;,0.0,524,881
358,S163,BlockRealMatrix.java,635,final double[][] data = new double[getRowDimension()][getColumnDimension()];,0.0,524,881
358,S164,BlockRealMatrix.java,636,final int lastColumns = columns - (blockColumns - 1) * BLOCK_SIZE;,0.0,524,881
358,S165,BlockRealMatrix.java,638,for (int iBlock = 0; iBlock < blockRows; ++iBlock) {,0.0,524,881
358,S166,BlockRealMatrix.java,639,final int pStart = iBlock * BLOCK_SIZE;,0.0,524,881
358,S167,BlockRealMatrix.java,640,"final int pEnd   = Math.min(pStart + BLOCK_SIZE, rows);",0.0,524,881
358,S168,BlockRealMatrix.java,641,int regularPos   = 0;,0.0,524,881
358,S169,BlockRealMatrix.java,642,int lastPos      = 0;,0.0,524,881
358,S170,BlockRealMatrix.java,643,for (int p = pStart; p < pEnd; ++p) {,0.0,524,881
358,S171,BlockRealMatrix.java,644,final double[] dataP = data[p];,0.0,524,881
358,S172,BlockRealMatrix.java,645,int blockIndex = iBlock * blockColumns;,0.0,524,881
358,S173,BlockRealMatrix.java,646,int dataPos    = 0;,0.0,524,881
358,S174,BlockRealMatrix.java,647,for (int jBlock = 0; jBlock < blockColumns - 1; ++jBlock) {,0.0,524,881
358,S175,BlockRealMatrix.java,651,"System.arraycopy(blocks[blockIndex], lastPos, dataP, dataPos, lastColumns);",0.0,524,881
358,S176,BlockRealMatrix.java,652,regularPos += BLOCK_SIZE;,0.0,524,881
358,S177,BlockRealMatrix.java,653,lastPos    += lastColumns;,0.0,524,881
358,S178,BlockRealMatrix.java,657,return data;,0.0,524,881
358,S179,BlockRealMatrix.java,1345,return rows;,0.0,524,881
358,S180,BlockRealMatrix.java,1351,return columns;,0.0,524,881
358,S181,BlockRealMatrix.java,1359,if (v.length != columns) {,0.0,524,881
358,S182,BlockRealMatrix.java,1364,final double[] out = new double[rows];,0.0,524,881
358,S183,BlockRealMatrix.java,1367,for (int iBlock = 0; iBlock < blockRows; ++iBlock) {,0.0,524,881
358,S184,BlockRealMatrix.java,1368,final int pStart = iBlock * BLOCK_SIZE;,0.0,524,881
358,S185,BlockRealMatrix.java,1369,"final int pEnd   = Math.min(pStart + BLOCK_SIZE, rows);",0.0,524,881
358,S186,BlockRealMatrix.java,1370,for (int jBlock = 0; jBlock < blockColumns; ++jBlock) {,0.0,524,881
358,S187,BlockRealMatrix.java,1371,final double[] block  = blocks[iBlock * blockColumns + jBlock];,0.0,524,881
358,S188,BlockRealMatrix.java,1372,final int      qStart = jBlock * BLOCK_SIZE;,0.0,524,881
358,S189,BlockRealMatrix.java,1373,"final int      qEnd   = Math.min(qStart + BLOCK_SIZE, columns);",0.0,524,881
358,S190,BlockRealMatrix.java,1374,int k = 0;,0.0,524,881
358,S191,BlockRealMatrix.java,1375,for (int p = pStart; p < pEnd; ++p) {,0.0,524,881
358,S192,BlockRealMatrix.java,1376,double sum = 0;,0.0,524,881
358,S193,BlockRealMatrix.java,1377,int q = qStart;,0.0,524,881
358,S194,BlockRealMatrix.java,1378,while (q < qEnd - 3) {,0.0,524,881
358,S195,BlockRealMatrix.java,1379,sum += block[k]     * v[q]     +,0.0,524,881
358,S196,BlockRealMatrix.java,1383,k += 4;,0.0,524,881
358,S197,BlockRealMatrix.java,1384,q += 4;,0.0,524,881
358,S198,BlockRealMatrix.java,1386,while (q < qEnd) {,0.0,524,881
358,S199,BlockRealMatrix.java,1387,sum += block[k++] * v[q++];,0.0,524,881
358,S200,BlockRealMatrix.java,1389,out[p] += sum;,0.0,524,881
358,S201,BlockRealMatrix.java,1394,return out;,0.0,524,881
358,S202,BlockRealMatrix.java,1675,return (blockRow == blockRows - 1) ? rows - blockRow * BLOCK_SIZE : BLOCK_SIZE;,0.0,524,881
358,S203,BlockRealMatrix.java,1684,return (blockColumn == blockColumns - 1) ? columns - blockColumn * BLOCK_SIZE : BLOCK_SIZE;,0.0,524,881
358,S204,ConvergenceException.java,45,"super(pattern, arguments);",0.0,524,881
358,S205,ConvergenceException.java,53,super(cause);,0.0,524,881
358,S206,CurveFitter.java,43,public class CurveFitter {,0.0,524,881
358,S207,CurveFitter.java,54,public CurveFitter(final DifferentiableMultivariateVectorialOptimizer optimizer) {,0.0,524,881
358,S208,CurveFitter.java,55,this.optimizer = optimizer;,0.0,524,881
358,S209,CurveFitter.java,56,observations = new ArrayList<WeightedObservedPoint>();,0.0,524,881
358,S210,CurveFitter.java,70,"addObservedPoint(1.0, x, y);",0.0,524,881
358,S211,CurveFitter.java,83,"observations.add(new WeightedObservedPoint(weight, x, y));",0.0,524,881
358,S212,CurveFitter.java,103,return observations.toArray(new WeightedObservedPoint[observations.size()]);,0.0,524,881
358,S213,CurveFitter.java,131,double[] target  = new double[observations.size()];,0.0,524,881
358,S214,CurveFitter.java,132,double[] weights = new double[observations.size()];,0.0,524,881
358,S215,CurveFitter.java,133,int i = 0;,0.0,524,881
358,S216,CurveFitter.java,134,for (WeightedObservedPoint point : observations) {,0.0,524,881
358,S217,CurveFitter.java,135,target[i]  = point.getY();,0.0,524,881
358,S218,CurveFitter.java,136,weights[i] = point.getWeight();,0.0,524,881
358,S219,CurveFitter.java,137,++i;,0.0,524,881
358,S220,CurveFitter.java,141,VectorialPointValuePair optimum =,0.0,524,881
358,S221,CurveFitter.java,145,return optimum.getPointRef();,0.0,524,881
358,S222,CurveFitter.java,150,private class TheoreticalValuesFunction,0.0,524,881
358,S223,CurveFitter.java,159,public TheoreticalValuesFunction(final ParametricRealFunction f) {,0.0,524,881
358,S224,CurveFitter.java,160,this.f = f;,0.0,524,881
358,S225,CurveFitter.java,165,return new MultivariateMatrixFunction() {,0.0,524,881
358,S226,CurveFitter.java,169,final double[][] jacobian = new double[observations.size()][];,0.0,524,881
358,S227,CurveFitter.java,171,int i = 0;,0.0,524,881
358,S228,CurveFitter.java,172,for (WeightedObservedPoint observed : observations) {,0.0,524,881
358,S229,CurveFitter.java,173,"jacobian[i++] = f.gradient(observed.getX(), point);",0.0,524,881
358,S230,CurveFitter.java,176,return jacobian;,0.0,524,881
358,S231,CurveFitter.java,187,final double[] values = new double[observations.size()];,0.0,524,881
358,S232,CurveFitter.java,188,int i = 0;,0.0,524,881
358,S233,CurveFitter.java,189,for (WeightedObservedPoint observed : observations) {,0.0,524,881
358,S234,CurveFitter.java,190,"values[i++] = f.value(observed.getX(), point);",0.0,524,881
358,S235,CurveFitter.java,193,return values;,0.0,524,881
358,S236,FunctionEvaluationException.java,88,"super(pattern, arguments);",0.0,524,881
358,S237,FunctionEvaluationException.java,89,this.argument = argument.clone();,0.0,524,881
358,S238,GaussNewtonOptimizer.java,57,public GaussNewtonOptimizer(final boolean useLU) {,0.0,524,881
358,S239,GaussNewtonOptimizer.java,58,this.useLU = useLU;,0.0,524,881
358,S240,GaussNewtonOptimizer.java,67,VectorialPointValuePair current = null;,0.0,524,881
358,S241,GaussNewtonOptimizer.java,68,for (boolean converged = false; !converged;) {,0.0,524,881
358,S242,GaussNewtonOptimizer.java,70,incrementIterationsCounter();,0.0,524,881
358,S243,GaussNewtonOptimizer.java,73,VectorialPointValuePair previous = current;,0.0,524,881
358,S244,GaussNewtonOptimizer.java,74,updateResidualsAndCost();,0.0,524,881
358,S245,GaussNewtonOptimizer.java,75,updateJacobian();,0.0,524,881
358,S246,GaussNewtonOptimizer.java,76,"current = new VectorialPointValuePair(point, objective);",0.0,524,881
358,S247,GaussNewtonOptimizer.java,79,final double[]   b = new double[cols];,0.0,524,881
358,S248,GaussNewtonOptimizer.java,80,final double[][] a = new double[cols][cols];,0.0,524,881
358,S249,GaussNewtonOptimizer.java,81,for (int i = 0; i < rows; ++i) {,0.0,524,881
358,S250,GaussNewtonOptimizer.java,83,final double[] grad   = jacobian[i];,0.0,524,881
358,S251,GaussNewtonOptimizer.java,84,final double weight   = residualsWeights[i];,0.0,524,881
358,S252,GaussNewtonOptimizer.java,85,final double residual = objective[i] - targetValues[i];,0.0,524,881
358,S253,GaussNewtonOptimizer.java,88,final double wr = weight * residual;,0.0,524,881
358,S254,GaussNewtonOptimizer.java,89,for (int j = 0; j < cols; ++j) {,0.0,524,881
358,S255,GaussNewtonOptimizer.java,90,b[j] += wr * grad[j];,0.0,524,881
358,S256,GaussNewtonOptimizer.java,94,for (int k = 0; k < cols; ++k) {,0.0,524,881
358,S257,GaussNewtonOptimizer.java,95,double[] ak = a[k];,0.0,524,881
358,S258,GaussNewtonOptimizer.java,96,double wgk = weight * grad[k];,0.0,524,881
358,S259,GaussNewtonOptimizer.java,97,for (int l = 0; l < cols; ++l) {,0.0,524,881
358,S260,GaussNewtonOptimizer.java,98,ak[l] += wgk * grad[l];,0.0,524,881
358,S261,GaussNewtonOptimizer.java,107,RealMatrix mA = new BlockRealMatrix(a);,0.0,524,881
358,S262,GaussNewtonOptimizer.java,108,DecompositionSolver solver = useLU ?,0.0,524,881
358,S263,GaussNewtonOptimizer.java,111,final double[] dX = solver.solve(b);,0.0,524,881
358,S264,GaussNewtonOptimizer.java,114,for (int i = 0; i < cols; ++i) {,0.0,524,881
358,S265,GaussNewtonOptimizer.java,115,point[i] += dX[i];,0.0,524,881
358,S266,GaussNewtonOptimizer.java,118,} catch(InvalidMatrixException e) {,0.0,524,881
358,S267,GaussNewtonOptimizer.java,119,"throw new OptimizationException(""unable to solve: singular problem"");",0.0,524,881
358,S268,GaussNewtonOptimizer.java,123,if (previous != null) {,0.0,524,881
358,S269,GaussNewtonOptimizer.java,124,"converged = checker.converged(getIterations(), previous, current);",0.0,524,881
358,S270,GaussNewtonOptimizer.java,130,return current;,0.0,524,881
358,S271,HarmonicCoefficientsGuesser.java,142,public HarmonicCoefficientsGuesser(WeightedObservedPoint[] observations) {,0.0,524,881
358,S272,HarmonicCoefficientsGuesser.java,143,this.observations = observations.clone();,0.0,524,881
358,S273,HarmonicCoefficientsGuesser.java,144,a                 = Double.NaN;,0.0,524,881
358,S274,HarmonicCoefficientsGuesser.java,145,omega             = Double.NaN;,0.0,524,881
358,S275,HarmonicCoefficientsGuesser.java,154,sortObservations();,0.0,524,881
358,S276,HarmonicCoefficientsGuesser.java,155,guessAOmega();,0.0,524,881
358,S277,HarmonicCoefficientsGuesser.java,156,guessPhi();,0.0,524,881
358,S278,HarmonicCoefficientsGuesser.java,166,WeightedObservedPoint curr = observations[0];,0.0,524,881
358,S279,HarmonicCoefficientsGuesser.java,167,for (int j = 1; j < observations.length; ++j) {,0.0,524,881
358,S280,HarmonicCoefficientsGuesser.java,168,WeightedObservedPoint prec = curr;,0.0,524,881
358,S281,HarmonicCoefficientsGuesser.java,169,curr = observations[j];,0.0,524,881
358,S282,HarmonicCoefficientsGuesser.java,170,if (curr.getX() < prec.getX()) {,0.0,524,881
358,S283,HarmonicCoefficientsGuesser.java,172,int i = j - 1;,0.0,524,881
358,S284,HarmonicCoefficientsGuesser.java,173,WeightedObservedPoint mI = observations[i];,0.0,524,881
358,S285,HarmonicCoefficientsGuesser.java,174,while ((i >= 0) && (curr.getX() < mI.getX())) {,0.0,524,881
358,S286,HarmonicCoefficientsGuesser.java,175,observations[i + 1] = mI;,0.0,524,881
358,S287,HarmonicCoefficientsGuesser.java,176,if (i-- != 0) {,0.0,524,881
358,S288,HarmonicCoefficientsGuesser.java,177,mI = observations[i];,0.0,524,881
358,S289,HarmonicCoefficientsGuesser.java,179,mI = null;,0.0,524,881
358,S290,HarmonicCoefficientsGuesser.java,182,observations[i + 1] = curr;,0.0,524,881
358,S291,HarmonicCoefficientsGuesser.java,183,curr = observations[j];,0.0,524,881
358,S292,HarmonicCoefficientsGuesser.java,197,double sx2 = 0.0;,0.0,524,881
358,S293,HarmonicCoefficientsGuesser.java,198,double sy2 = 0.0;,0.0,524,881
358,S294,HarmonicCoefficientsGuesser.java,199,double sxy = 0.0;,0.0,524,881
358,S295,HarmonicCoefficientsGuesser.java,200,double sxz = 0.0;,0.0,524,881
358,S296,HarmonicCoefficientsGuesser.java,201,double syz = 0.0;,0.0,524,881
358,S297,HarmonicCoefficientsGuesser.java,203,double currentX        = observations[0].getX();,0.0,524,881
358,S298,HarmonicCoefficientsGuesser.java,204,double currentY        = observations[0].getY();,0.0,524,881
358,S299,HarmonicCoefficientsGuesser.java,205,double f2Integral      = 0;,0.0,524,881
358,S300,HarmonicCoefficientsGuesser.java,206,double fPrime2Integral = 0;,0.0,524,881
358,S301,HarmonicCoefficientsGuesser.java,207,final double startX = currentX;,0.0,524,881
358,S302,HarmonicCoefficientsGuesser.java,208,for (int i = 1; i < observations.length; ++i) {,0.0,524,881
358,S303,HarmonicCoefficientsGuesser.java,211,final double previousX = currentX;,0.0,524,881
358,S304,HarmonicCoefficientsGuesser.java,212,final double previousY = currentY;,0.0,524,881
358,S305,HarmonicCoefficientsGuesser.java,213,currentX = observations[i].getX();,0.0,524,881
358,S306,HarmonicCoefficientsGuesser.java,214,currentY = observations[i].getY();,0.0,524,881
358,S307,HarmonicCoefficientsGuesser.java,218,final double dx = currentX - previousX;,0.0,524,881
358,S308,HarmonicCoefficientsGuesser.java,219,final double dy = currentY - previousY;,0.0,524,881
358,S309,HarmonicCoefficientsGuesser.java,220,final double f2StepIntegral =,0.0,524,881
358,S310,HarmonicCoefficientsGuesser.java,222,final double fPrime2StepIntegral = dy * dy / dx;,0.0,524,881
358,S311,HarmonicCoefficientsGuesser.java,224,final double x   = currentX - startX;,0.0,524,881
358,S312,HarmonicCoefficientsGuesser.java,225,f2Integral      += f2StepIntegral;,0.0,524,881
358,S313,HarmonicCoefficientsGuesser.java,226,fPrime2Integral += fPrime2StepIntegral;,0.0,524,881
358,S314,HarmonicCoefficientsGuesser.java,228,sx2 += x * x;,0.0,524,881
358,S315,HarmonicCoefficientsGuesser.java,229,sy2 += f2Integral * f2Integral;,0.0,524,881
358,S316,HarmonicCoefficientsGuesser.java,230,sxy += x * f2Integral;,0.0,524,881
358,S317,HarmonicCoefficientsGuesser.java,231,sxz += x * fPrime2Integral;,0.0,524,881
358,S318,HarmonicCoefficientsGuesser.java,232,syz += f2Integral * fPrime2Integral;,0.0,524,881
358,S319,HarmonicCoefficientsGuesser.java,237,double c1 = sy2 * sxz - sxy * syz;,0.0,524,881
358,S320,HarmonicCoefficientsGuesser.java,238,double c2 = sxy * sxz - sx2 * syz;,0.0,524,881
358,S321,HarmonicCoefficientsGuesser.java,239,double c3 = sx2 * sy2 - sxy * sxy;,0.0,524,881
358,S322,HarmonicCoefficientsGuesser.java,240,if ((c1 / c2 < 0.0) || (c2 / c3 < 0.0)) {,0.0,524,881
358,S323,HarmonicCoefficientsGuesser.java,243,a     = Math.sqrt(c1 / c2);,0.0,524,881
358,S324,HarmonicCoefficientsGuesser.java,244,omega = Math.sqrt(c2 / c3);,0.0,524,881
358,S325,HarmonicCoefficientsGuesser.java,253,double fcMean = 0.0;,0.0,524,881
358,S326,HarmonicCoefficientsGuesser.java,254,double fsMean = 0.0;,0.0,524,881
358,S327,HarmonicCoefficientsGuesser.java,256,double currentX = observations[0].getX();,0.0,524,881
358,S328,HarmonicCoefficientsGuesser.java,257,double currentY = observations[0].getY();,0.0,524,881
358,S329,HarmonicCoefficientsGuesser.java,258,for (int i = 1; i < observations.length; ++i) {,0.0,524,881
358,S330,HarmonicCoefficientsGuesser.java,261,final double previousX = currentX;,0.0,524,881
358,S331,HarmonicCoefficientsGuesser.java,262,final double previousY = currentY;,0.0,524,881
358,S332,HarmonicCoefficientsGuesser.java,263,currentX = observations[i].getX();,0.0,524,881
358,S333,HarmonicCoefficientsGuesser.java,264,currentY = observations[i].getY();,0.0,524,881
358,S334,HarmonicCoefficientsGuesser.java,265,final double currentYPrime = (currentY - previousY) / (currentX - previousX);,0.0,524,881
358,S335,HarmonicCoefficientsGuesser.java,267,double   omegaX = omega * currentX;,0.0,524,881
358,S336,HarmonicCoefficientsGuesser.java,268,double   cosine = Math.cos(omegaX);,0.0,524,881
358,S337,HarmonicCoefficientsGuesser.java,269,double   sine   = Math.sin(omegaX);,0.0,524,881
358,S338,HarmonicCoefficientsGuesser.java,270,fcMean += omega * currentY * cosine - currentYPrime *   sine;,0.0,524,881
358,S339,HarmonicCoefficientsGuesser.java,271,fsMean += omega * currentY *   sine + currentYPrime * cosine;,0.0,524,881
358,S340,HarmonicCoefficientsGuesser.java,275,"phi = Math.atan2(-fsMean, fcMean);",0.0,524,881
358,S341,HarmonicCoefficientsGuesser.java,283,return a;,0.0,524,881
358,S342,HarmonicCoefficientsGuesser.java,290,return omega;,0.0,524,881
358,S343,HarmonicCoefficientsGuesser.java,297,return phi;,0.0,524,881
358,S344,HarmonicFitter.java,45,public HarmonicFitter(final DifferentiableMultivariateVectorialOptimizer optimizer) {,0.0,524,881
358,S345,HarmonicFitter.java,46,this.fitter = new CurveFitter(optimizer);,0.0,524,881
358,S346,HarmonicFitter.java,47,parameters  = null;,0.0,524,881
358,S347,HarmonicFitter.java,58,final double[] initialGuess) {,0.0,524,881
358,S348,HarmonicFitter.java,59,this.fitter     = new CurveFitter(optimizer);,0.0,524,881
358,S349,HarmonicFitter.java,60,this.parameters = initialGuess.clone();,0.0,524,881
358,S350,HarmonicFitter.java,70,"fitter.addObservedPoint(weight, x, y);",0.0,524,881
358,S351,HarmonicFitter.java,82,if (parameters == null) {,0.0,524,881
358,S352,HarmonicFitter.java,83,final WeightedObservedPoint[] observations = fitter.getObservations();,0.0,524,881
358,S353,HarmonicFitter.java,84,if (observations.length < 4) {,0.0,524,881
358,S354,HarmonicFitter.java,89,HarmonicCoefficientsGuesser guesser = new HarmonicCoefficientsGuesser(observations);,0.0,524,881
358,S355,HarmonicFitter.java,90,guesser.guess();,0.0,524,881
358,S356,HarmonicFitter.java,91,parameters = new double[] {,0.0,524,881
358,S357,HarmonicFitter.java,99,"double[] fitted = fitter.fit(new ParametricHarmonicFunction(), parameters);",0.0,524,881
358,S358,HarmonicFitter.java,100,"return new HarmonicFunction(fitted[0], fitted[1], fitted[2]);",0.0,524,881
358,S359,HarmonicFitter.java,109,private static class ParametricHarmonicFunction implements ParametricRealFunction {,0.0,524,881
358,S360,HarmonicFitter.java,113,final double a     = parameters[0];,0.0,524,881
358,S361,HarmonicFitter.java,114,final double omega = parameters[1];,0.0,524,881
358,S362,HarmonicFitter.java,115,final double phi   = parameters[2];,0.0,524,881
358,S363,HarmonicFitter.java,116,return a * Math.cos(omega * x + phi);,0.0,524,881
358,S364,HarmonicFitter.java,121,final double a     = parameters[0];,0.0,524,881
358,S365,HarmonicFitter.java,122,final double omega = parameters[1];,0.0,524,881
358,S366,HarmonicFitter.java,123,final double phi   = parameters[2];,0.0,524,881
358,S367,HarmonicFitter.java,124,final double alpha = omega * x + phi;,0.0,524,881
358,S368,HarmonicFitter.java,125,final double cosAlpha = Math.cos(alpha);,0.0,524,881
358,S369,HarmonicFitter.java,126,final double sinAlpha = Math.sin(alpha);,0.0,524,881
358,S370,HarmonicFitter.java,127,"return new double[] { cosAlpha, -a * x * sinAlpha, -a * sinAlpha };",0.0,524,881
358,S371,HarmonicFunction.java,42,"public HarmonicFunction(double a, double omega, double phi) {",0.0,524,881
358,S372,HarmonicFunction.java,43,this.a     = a;,0.0,524,881
358,S373,HarmonicFunction.java,44,this.omega = omega;,0.0,524,881
358,S374,HarmonicFunction.java,45,this.phi   = phi;,0.0,524,881
358,S375,HarmonicFunction.java,50,return a * Math.cos(omega * x + phi);,0.0,524,881
358,S376,HarmonicFunction.java,62,return a;,0.0,524,881
358,S377,HarmonicFunction.java,69,return omega;,0.0,524,881
358,S378,HarmonicFunction.java,76,return phi;,0.0,524,881
358,S379,InvalidMatrixException.java,40,"super(pattern, arguments);",0.0,524,881
358,S380,LUDecompositionImpl.java,71,"this(matrix, DEFAULT_TOO_SMALL);",0.0,524,881
358,S381,LUDecompositionImpl.java,82,throws NonSquareMatrixException {,0.0,524,881
358,S382,LUDecompositionImpl.java,84,if (!matrix.isSquare()) {,0.0,524,881
358,S383,LUDecompositionImpl.java,88,final int m = matrix.getColumnDimension();,0.0,524,881
358,S384,LUDecompositionImpl.java,89,lu = matrix.getData();,0.0,524,881
358,S385,LUDecompositionImpl.java,90,pivot = new int[m];,0.0,524,881
358,S386,LUDecompositionImpl.java,91,cachedL = null;,0.0,524,881
358,S387,LUDecompositionImpl.java,92,cachedU = null;,0.0,524,881
358,S388,LUDecompositionImpl.java,93,cachedP = null;,0.0,524,881
358,S389,LUDecompositionImpl.java,96,for (int row = 0; row < m; row++) {,0.0,524,881
358,S390,LUDecompositionImpl.java,97,pivot[row] = row;,0.0,524,881
358,S391,LUDecompositionImpl.java,99,even     = true;,0.0,524,881
358,S392,LUDecompositionImpl.java,100,singular = false;,0.0,524,881
358,S393,LUDecompositionImpl.java,103,for (int col = 0; col < m; col++) {,0.0,524,881
358,S394,LUDecompositionImpl.java,105,double sum = 0;,0.0,524,881
358,S395,LUDecompositionImpl.java,108,for (int row = 0; row < col; row++) {,0.0,524,881
358,S396,LUDecompositionImpl.java,109,final double[] luRow = lu[row];,0.0,524,881
358,S397,LUDecompositionImpl.java,110,sum = luRow[col];,0.0,524,881
358,S398,LUDecompositionImpl.java,111,for (int i = 0; i < row; i++) {,0.0,524,881
358,S399,LUDecompositionImpl.java,112,sum -= luRow[i] * lu[i][col];,0.0,524,881
358,S400,LUDecompositionImpl.java,114,luRow[col] = sum;,0.0,524,881
358,S401,LUDecompositionImpl.java,118,int max = col; // permutation row,0.0,524,881
358,S402,LUDecompositionImpl.java,119,double largest = Double.NEGATIVE_INFINITY;,0.0,524,881
358,S403,LUDecompositionImpl.java,120,for (int row = col; row < m; row++) {,0.0,524,881
358,S404,LUDecompositionImpl.java,121,final double[] luRow = lu[row];,0.0,524,881
358,S405,LUDecompositionImpl.java,122,sum = luRow[col];,0.0,524,881
358,S406,LUDecompositionImpl.java,123,for (int i = 0; i < col; i++) {,0.0,524,881
358,S407,LUDecompositionImpl.java,124,sum -= luRow[i] * lu[i][col];,0.0,524,881
358,S408,LUDecompositionImpl.java,126,luRow[col] = sum;,0.0,524,881
358,S409,LUDecompositionImpl.java,129,if (Math.abs(sum) > largest) {,0.0,524,881
358,S410,LUDecompositionImpl.java,130,largest = Math.abs(sum);,0.0,524,881
358,S411,LUDecompositionImpl.java,131,max = row;,0.0,524,881
358,S412,LUDecompositionImpl.java,136,if (Math.abs(lu[max][col]) < singularityThreshold) {,0.0,524,881
358,S413,LUDecompositionImpl.java,137,singular = true;,0.0,524,881
358,S414,LUDecompositionImpl.java,138,return;,0.0,524,881
358,S415,LUDecompositionImpl.java,142,if (max != col) {,0.0,524,881
358,S416,LUDecompositionImpl.java,143,double tmp = 0;,0.0,524,881
358,S417,LUDecompositionImpl.java,144,final double[] luMax = lu[max];,0.0,524,881
358,S418,LUDecompositionImpl.java,145,final double[] luCol = lu[col];,0.0,524,881
358,S419,LUDecompositionImpl.java,146,for (int i = 0; i < m; i++) {,0.0,524,881
358,S420,LUDecompositionImpl.java,147,tmp = luMax[i];,0.0,524,881
358,S421,LUDecompositionImpl.java,148,luMax[i] = luCol[i];,0.0,524,881
358,S422,LUDecompositionImpl.java,149,luCol[i] = tmp;,0.0,524,881
358,S423,LUDecompositionImpl.java,151,int temp = pivot[max];,0.0,524,881
358,S424,LUDecompositionImpl.java,152,pivot[max] = pivot[col];,0.0,524,881
358,S425,LUDecompositionImpl.java,153,pivot[col] = temp;,0.0,524,881
358,S426,LUDecompositionImpl.java,154,even = !even;,0.0,524,881
358,S427,LUDecompositionImpl.java,158,final double luDiag = lu[col][col];,0.0,524,881
358,S428,LUDecompositionImpl.java,159,for (int row = col + 1; row < m; row++) {,0.0,524,881
358,S429,LUDecompositionImpl.java,160,lu[row][col] /= luDiag;,0.0,524,881
358,S430,LUDecompositionImpl.java,230,"return new Solver(lu, pivot, singular);",0.0,524,881
358,S431,LUDecompositionImpl.java,234,private static class Solver implements DecompositionSolver {,0.0,524,881
358,S432,LUDecompositionImpl.java,251,"private Solver(final double[][] lu, final int[] pivot, final boolean singular) {",0.0,524,881
358,S433,LUDecompositionImpl.java,252,this.lu       = lu;,0.0,524,881
358,S434,LUDecompositionImpl.java,253,this.pivot    = pivot;,0.0,524,881
358,S435,LUDecompositionImpl.java,254,this.singular = singular;,0.0,524,881
358,S436,LUDecompositionImpl.java,266,final int m = pivot.length;,0.0,524,881
358,S437,LUDecompositionImpl.java,267,if (b.length != m) {,0.0,524,881
358,S438,LUDecompositionImpl.java,271,if (singular) {,0.0,524,881
358,S439,LUDecompositionImpl.java,272,throw new SingularMatrixException();,0.0,524,881
358,S440,LUDecompositionImpl.java,275,final double[] bp = new double[m];,0.0,524,881
358,S441,LUDecompositionImpl.java,278,for (int row = 0; row < m; row++) {,0.0,524,881
358,S442,LUDecompositionImpl.java,279,bp[row] = b[pivot[row]];,0.0,524,881
358,S443,LUDecompositionImpl.java,283,for (int col = 0; col < m; col++) {,0.0,524,881
358,S444,LUDecompositionImpl.java,284,final double bpCol = bp[col];,0.0,524,881
358,S445,LUDecompositionImpl.java,285,for (int i = col + 1; i < m; i++) {,0.0,524,881
358,S446,LUDecompositionImpl.java,291,for (int col = m - 1; col >= 0; col--) {,0.0,524,881
358,S447,LUDecompositionImpl.java,292,bp[col] /= lu[col][col];,0.0,524,881
358,S448,LUDecompositionImpl.java,293,final double bpCol = bp[col];,0.0,524,881
358,S449,LUDecompositionImpl.java,294,for (int i = 0; i < col; i++) {,0.0,524,881
358,S450,LUDecompositionImpl.java,299,return bp;,0.0,524,881
358,S451,LUDecompositionImpl.java,364,final int m = pivot.length;,0.0,524,881
358,S452,LUDecompositionImpl.java,365,if (b.getRowDimension() != m) {,0.0,524,881
358,S453,LUDecompositionImpl.java,370,if (singular) {,0.0,524,881
358,S454,LUDecompositionImpl.java,371,throw new SingularMatrixException();,0.0,524,881
358,S455,LUDecompositionImpl.java,374,final int nColB = b.getColumnDimension();,0.0,524,881
358,S456,LUDecompositionImpl.java,377,final double[][] bp = new double[m][nColB];,0.0,524,881
358,S457,LUDecompositionImpl.java,378,for (int row = 0; row < m; row++) {,0.0,524,881
358,S458,LUDecompositionImpl.java,379,final double[] bpRow = bp[row];,0.0,524,881
358,S459,LUDecompositionImpl.java,380,final int pRow = pivot[row];,0.0,524,881
358,S460,LUDecompositionImpl.java,381,for (int col = 0; col < nColB; col++) {,0.0,524,881
358,S461,LUDecompositionImpl.java,382,"bpRow[col] = b.getEntry(pRow, col);",0.0,524,881
358,S462,LUDecompositionImpl.java,387,for (int col = 0; col < m; col++) {,0.0,524,881
358,S463,LUDecompositionImpl.java,388,final double[] bpCol = bp[col];,0.0,524,881
358,S464,LUDecompositionImpl.java,389,for (int i = col + 1; i < m; i++) {,0.0,524,881
358,S465,LUDecompositionImpl.java,390,final double[] bpI = bp[i];,0.0,524,881
358,S466,LUDecompositionImpl.java,391,final double luICol = lu[i][col];,0.0,524,881
358,S467,LUDecompositionImpl.java,392,for (int j = 0; j < nColB; j++) {,0.0,524,881
358,S468,LUDecompositionImpl.java,393,bpI[j] -= bpCol[j] * luICol;,0.0,524,881
358,S469,LUDecompositionImpl.java,399,for (int col = m - 1; col >= 0; col--) {,0.0,524,881
358,S470,LUDecompositionImpl.java,400,final double[] bpCol = bp[col];,0.0,524,881
358,S471,LUDecompositionImpl.java,401,final double luDiag = lu[col][col];,0.0,524,881
358,S472,LUDecompositionImpl.java,402,for (int j = 0; j < nColB; j++) {,0.0,524,881
358,S473,LUDecompositionImpl.java,403,bpCol[j] /= luDiag;,0.0,524,881
358,S474,LUDecompositionImpl.java,405,for (int i = 0; i < col; i++) {,0.0,524,881
358,S475,LUDecompositionImpl.java,406,final double[] bpI = bp[i];,0.0,524,881
358,S476,LUDecompositionImpl.java,407,final double luICol = lu[i][col];,0.0,524,881
358,S477,LUDecompositionImpl.java,408,for (int j = 0; j < nColB; j++) {,0.0,524,881
358,S478,LUDecompositionImpl.java,409,bpI[j] -= bpCol[j] * luICol;,0.0,524,881
358,S479,LUDecompositionImpl.java,414,"return new Array2DRowRealMatrix(bp, false);",0.0,524,881
358,S480,LUDecompositionImpl.java,420,return solve(MatrixUtils.createRealIdentityMatrix(pivot.length));,0.0,524,881
358,S520,LevenbergMarquardtOptimizer.java,273,dk = 1.0;,0.0,524,881
358,S537,LevenbergMarquardtOptimizer.java,303,"return new VectorialPointValuePair(point, objective);",0.0,524,881
358,S606,LevenbergMarquardtOptimizer.java,430,"throw new OptimizationException(""parameters relative tolerance is too small"" +",0.0,524,881
358,S611,LevenbergMarquardtOptimizer.java,477,lmDir[permutation[j]] = 0;,0.0,524,881
358,S657,LevenbergMarquardtOptimizer.java,550,lmPar = gNorm / dxNorm;,0.0,524,881
358,S660,LevenbergMarquardtOptimizer.java,557,"lmPar = Math.max(2.2251e-308, 0.001 * paru);",0.0,524,881
358,S761,LevenbergMarquardtOptimizer.java,789,throw new OptimizationException(,0.0,524,881
358,S766,LevenbergMarquardtOptimizer.java,799,rank = k;,0.0,524,881
358,S767,LevenbergMarquardtOptimizer.java,800,return;,0.0,524,881
358,S793,MathException.java,67,"public MathException(String pattern, Object ... arguments) {",0.0,524,881
358,S794,MathException.java,68,this.pattern   = pattern;,0.0,524,881
358,S795,MathException.java,69,this.arguments = (arguments == null) ? new Object[0] : arguments.clone();,0.0,524,881
358,S796,MathException.java,80,super(rootCause);,0.0,524,881
358,S797,MathException.java,81,this.pattern   = getMessage();,0.0,524,881
358,S798,MathException.java,82,this.arguments = new Object[0];,0.0,524,881
358,S799,MathException.java,110,ResourceBundle bundle =,0.0,524,881
358,S800,MathException.java,117,} catch (MissingResourceException mre) {,0.0,524,881
358,S801,MathException.java,123,return s;,0.0,524,881
358,S802,MathException.java,153,"return (pattern == null) ? """" : new MessageFormat(translate(pattern, locale), locale).format(arguments);",0.0,524,881
358,S803,MathException.java,159,return getMessage(Locale.US);,0.0,524,881
358,S804,MathException.java,165,return getMessage(Locale.getDefault());,0.0,524,881
358,S805,MathRuntimeException.java,59,"public MathRuntimeException(final String pattern, final Object ... arguments) {",0.0,524,881
358,S806,MathRuntimeException.java,60,this.pattern   = pattern;,0.0,524,881
358,S807,MathRuntimeException.java,61,this.arguments = (arguments == null) ? new Object[0] : arguments.clone();,0.0,524,881
358,S808,MathUtils.java,30,public final class MathUtils {,0.0,524,881
358,S809,MathUtils.java,72,private static final long[] FACTORIALS = new long[] {,0.0,524,881
358,S810,MathUtils.java,1125,return a - TWO_PI * Math.floor((a + Math.PI - center) / TWO_PI);,0.0,524,881
358,S811,MatrixUtils.java,61,return (rows * columns <= 4096) ?,0.0,524,881
358,S812,MatrixUtils.java,106,return (data.length * data[0].length <= 4096) ?,0.0,524,881
358,S813,MatrixUtils.java,142,"final RealMatrix m = createRealMatrix(dimension, dimension);",0.0,524,881
358,S814,MatrixUtils.java,143,for (int i = 0; i < dimension; ++i) {,0.0,524,881
358,S815,MatrixUtils.java,144,"m.setEntry(i, i, 1.0);",0.0,524,881
358,S816,MatrixUtils.java,146,return m;,0.0,524,881
358,S817,MaxIterationsExceededException.java,43,"super(""Maximal number of iterations ({0}) exceeded"", maxIterations);",0.0,524,881
358,S818,MaxIterationsExceededException.java,44,this.maxIterations = maxIterations;,0.0,524,881
358,S819,OptimizationException.java,42,"super(specifier, parts);",0.0,524,881
358,S820,OptimizationException.java,50,super(cause);,0.0,524,881
358,S821,PolynomialFitter.java,48,"public PolynomialFitter(int degree, final DifferentiableMultivariateVectorialOptimizer optimizer) {",0.0,524,881
358,S822,PolynomialFitter.java,49,this.fitter = new CurveFitter(optimizer);,0.0,524,881
358,S823,PolynomialFitter.java,50,this.degree = degree;,0.0,524,881
358,S824,PolynomialFitter.java,60,"fitter.addObservedPoint(weight, x, y);",0.0,524,881
358,S825,PolynomialFitter.java,77,"return new PolynomialFunction(fitter.fit(new ParametricPolynomial(), new double[degree + 1]));",0.0,524,881
358,S826,PolynomialFitter.java,85,private static class ParametricPolynomial implements ParametricRealFunction {,0.0,524,881
358,S827,PolynomialFitter.java,90,final double[] gradient = new double[parameters.length];,0.0,524,881
358,S828,PolynomialFitter.java,91,double xn = 1.0;,0.0,524,881
358,S829,PolynomialFitter.java,92,for (int i = 0; i < parameters.length; ++i) {,0.0,524,881
358,S830,PolynomialFitter.java,93,gradient[i] = xn;,0.0,524,881
358,S831,PolynomialFitter.java,94,xn *= x;,0.0,524,881
358,S832,PolynomialFitter.java,96,return gradient;,0.0,524,881
358,S833,PolynomialFitter.java,101,double y = 0;,0.0,524,881
358,S834,PolynomialFitter.java,102,for (int i = parameters.length - 1; i >= 0; --i) {,0.0,524,881
358,S835,PolynomialFitter.java,103,y = y * x + parameters[i];,0.0,524,881
358,S836,PolynomialFitter.java,105,return y;,0.0,524,881
358,S837,PolynomialFunction.java,67,super();,0.0,524,881
358,S838,PolynomialFunction.java,68,if (c.length < 1) {,0.0,524,881
358,S839,PolynomialFunction.java,71,int l = c.length;,0.0,524,881
358,S840,PolynomialFunction.java,72,while ((l > 1) && (c[l - 1] == 0)) {,0.0,524,881
358,S841,PolynomialFunction.java,73,--l;,0.0,524,881
358,S842,PolynomialFunction.java,75,this.coefficients = new double[l];,0.0,524,881
358,S843,PolynomialFunction.java,76,"System.arraycopy(c, 0, this.coefficients, 0, l);",0.0,524,881
358,S844,PolynomialFunction.java,91,"return evaluate(coefficients, x);",0.0,524,881
358,S845,PolynomialFunction.java,127,int n = coefficients.length;,0.0,524,881
358,S846,PolynomialFunction.java,128,if (n < 1) {,0.0,524,881
358,S847,PolynomialFunction.java,131,double result = coefficients[n - 1];,0.0,524,881
358,S848,PolynomialFunction.java,132,for (int j = n -2; j >=0; j--) {,0.0,524,881
358,S849,PolynomialFunction.java,133,result = argument * result + coefficients[j];,0.0,524,881
358,S850,PolynomialFunction.java,135,return result;,0.0,524,881
358,S854,SimpleVectorialValueChecker.java,65,final double absoluteThreshold) {,0.0,524,881
358,S855,SimpleVectorialValueChecker.java,66,this.relativeThreshold = relativeThreshold;,0.0,524,881
358,S856,SimpleVectorialValueChecker.java,67,this.absoluteThreshold = absoluteThreshold;,0.0,524,881
358,S857,SimpleVectorialValueChecker.java,74,final double[] p        = previous.getValueRef();,0.0,524,881
358,S858,SimpleVectorialValueChecker.java,75,final double[] c        = current.getValueRef();,0.0,524,881
358,S859,SimpleVectorialValueChecker.java,76,for (int i = 0; i < p.length; ++i) {,0.0,524,881
358,S860,SimpleVectorialValueChecker.java,77,final double pi         = p[i];,0.0,524,881
358,S861,SimpleVectorialValueChecker.java,78,final double ci         = c[i];,0.0,524,881
358,S862,SimpleVectorialValueChecker.java,79,final double difference = Math.abs(pi - ci);,0.0,524,881
358,S863,SimpleVectorialValueChecker.java,80,"final double size       = Math.max(Math.abs(pi), Math.abs(ci));",0.0,524,881
358,S864,SimpleVectorialValueChecker.java,81,if ((difference > (size * relativeThreshold)) &&,0.0,524,881
358,S865,SimpleVectorialValueChecker.java,83,return false;,0.0,524,881
358,S866,SimpleVectorialValueChecker.java,86,return true;,0.0,524,881
358,S867,SingularMatrixException.java,35,"super(""matrix is singular"");",0.0,524,881
358,S871,VectorialPointValuePair.java,68,return point.clone();,0.0,524,881
358,S873,VectorialPointValuePair.java,84,return value.clone();,0.0,524,881
358,S874,VectorialPointValuePair.java,93,return value;,0.0,524,881
358,S875,WeightedObservedPoint.java,47,"public WeightedObservedPoint(final double weight, final double x, final double y) {",0.0,524,881
358,S876,WeightedObservedPoint.java,48,this.weight = weight;,0.0,524,881
358,S877,WeightedObservedPoint.java,49,this.x      = x;,0.0,524,881
358,S878,WeightedObservedPoint.java,50,this.y      = y;,0.0,524,881
358,S879,WeightedObservedPoint.java,57,return weight;,0.0,524,881
358,S880,WeightedObservedPoint.java,64,return x;,0.0,524,881
358,S881,WeightedObservedPoint.java,71,return y;,0.0,524,881
